site_no,cluster,latitude,longitude,lp3_scale,lp3_skew
01011000,1,47.0697222,-69.0794444,0.15931024044869177,-0.10766741387402354
01013500,1,47.2375,-68.58277778,0.12831297864676516,0.09166822724969376
01015800,1,46.52305556,-68.3716667,0.1487317937329675,-0.4769149906692206
01017000,1,46.7772222,-68.1572222,0.1414790657228476,-0.23466914504329392
01017290,1,46.8886111,-67.945,0.13604262090584815,0.18366255618211
01017550,1,46.62805556,-67.9530556,0.1852859564065876,0.2793580303152781
01017960,1,46.105,-67.88138889,0.14155663294278698,0.7129050436952974
01018009,1,46.11527778,-67.84027778,0.2049378476552403,0.1285332439206113
01021480,1,44.9369444,-67.7361111,0.17016711427120948,0.767863143000129
01029200,1,46.14305556,-68.6336111,0.13098875886727837,0.7594919443119023
01030500,1,45.5011111,-68.3058333,0.12789722370061019,0.07748786165004047
01031300,1,45.2672222,-69.58388889,0.19817704189134605,-0.15230245315438945
01031450,1,45.1844444,-69.4522222,0.23583716236822447,-0.2214324755413847
01031500,1,45.175,-69.3147222,0.20780841219965132,-0.037767128213213
01034000,1,45.26055556,-68.8686111,0.19371794463601952,0.03727723338914891
01038000,1,44.22277778,-69.59388889,0.1878646213884228,0.6146695165225879
01047000,1,44.86916667,-69.955,0.22312578827750135,-0.13740196666456878
01047200,1,44.85777778,-70.48527778,0.2988424697703522,0.700635831281323
01048000,1,44.70805556,-69.9375,0.2130253904902891,-0.18119684369941175
01054300,1,44.5933333,-70.7330556,0.20087031165778577,0.1814816858701471
01055000,1,44.64277778,-70.58888889,0.24826182837173794,-0.2746673129191728
01060000,1,43.79915,-70.1782694,0.20995536342415352,0.12390078548394183
01064500,1,43.9908333,-71.0905556,0.22615095112952333,-0.1457694900370472
01066000,1,43.80805556,-70.7816667,0.170052066624793,0.034670460690335664
01075000,1,43.9761792,-71.6795244,0.24103611970011546,0.09789976101738458
01076000,1,43.79562647,-71.8453594,0.24980292124685236,0.5733910312327598
01076500,1,43.7592388,-71.6856337,0.17447513793908262,0.09871542156219426
01077400,1,43.70388889,-71.8333333,0.29093575730995963,0.9541380057062547
01078000,1,43.56646307,-71.747857,0.1909505471347553,0.4576813335976098
01082000,1,42.8625837,-71.95924609,0.18409788523361095,0.1602982668239971
01086000,1,43.25091159,-71.7322996,0.18246649906103743,0.5848982805779233
01094400,1,42.57620079,-71.7881285,0.17123063378200934,-0.015638892246065385
01096000,1,42.63425619,-71.6578479,0.24212697411781198,0.014849437301324524
01105583,1,42.2208065,-70.9780711,0.20084547716160342,0.7092175261917512
01105600,1,42.1903779,-70.9447679,0.25393756435458703,0.07488375238683284
01108410,1,41.89969865,-71.0894663,0.15029608283670046,0.7793776742805677
01109070,1,41.840379,-71.142824,0.20200232929382922,0.03965624310551558
01121000,1,41.84359288,-72.16894625,0.2565997515835456,0.6884258984021238
01127500,1,41.55859526,-72.1214469,0.24880832695946578,0.20896154043563644
01130000,1,44.62505316,-71.4689721,0.1788352819334707,0.5272327401217285
01133000,1,44.63394195,-71.8975942,0.1852421230441387,0.4082777324579611
01134500,1,44.5117231,-71.8373143,0.14629382508170669,0.3787902442902525
01135150,1,44.47616707,-72.1245431,0.22108795950060262,0.8013300622857633
01135300,1,44.4353353,-72.03842899,0.24160287360002553,1.0105746962550388
01135500,1,44.3656147,-72.0392613,0.14686510026152547,0.1414688131483556
01137500,1,44.2686741,-71.6303617,0.1861229432924736,0.2962167519154347
01139000,1,44.1503413,-72.0650915,0.19693151808308168,0.22728404142131817
01139800,1,44.0928419,-72.33565327,0.22158148869951158,0.051819639993638346
01141500,1,43.79008627,-72.2549322,0.6927094490416837,0.21247534945426252
01142500,1,43.93450969,-72.6578821,0.22293085769460108,0.5847988376976332
01144000,1,43.71423614,-72.418149,0.19664681073771506,1.0094804098861045
01150900,1,43.62229069,-72.7589899,0.21245048583833168,2.2203969244819177
01153550,1,43.1917433,-72.48508889,0.18525829071865874,0.9895387721712511
01157000,1,43.03924586,-72.2700858,0.2386143646237563,0.7912091894815778
01162500,1,42.6825859,-72.1150812,0.23264723122591308,0.5878555875597031
01170100,1,42.70341695,-72.67064738,0.20738416336683818,0.5497973555355131
01171500,1,42.31897839,-72.6650907,0.22405052691858984,-0.3876108571981696
01181000,1,42.23731169,-72.895654,0.2860573565586629,0.4112047674822902
01184490,1,41.91389722,-72.5497,0.24481774745943458,0.1348418627245651
01188000,1,41.78609674,-72.96480593,0.2964504065663813,-0.08004258143748577
01312000,1,43.96602778,-74.13138889,0.15420331641561658,0.5288022593729994
01317000,1,43.60952778,-73.7375,0.16822287549235826,-0.28385318573479534
01318500,1,43.31905556,-73.8443056,0.1475794016670337,-0.04835164262479412
01321000,1,43.3534722,-74.2684722,0.15523952327199086,0.20813087955499623
01325000,1,43.3113611,-73.8672222,0.12594921286522454,0.9201573763788459
01329490,1,43.10866667,-73.4224167,0.18138064790365907,0.6049732999942712
01349150,1,42.87627778,-74.6028611,0.14835954298900025,-0.49590771802930694
01350080,1,42.376639,-74.414083,0.30653519950583413,-0.01965902602964932
01350140,1,42.42888889,-74.47316667,0.25097957327539866,-0.19513331365425138
01362500,1,42.0144722,-74.2701944,0.311331708400513,0.26140079795990784
01387450,1,41.1411111,-74.1161111,0.2600392886870646,0.363079438443092
01396500,1,40.67777778,-74.8791667,0.20692754302178232,0.3900176843369562
01396660,1,40.6475,-74.96888889,0.24418862146756082,-0.6419471147884972
01398000,1,40.47333333,-74.82777778,0.2116452476787689,0.46332759450788813
01401650,1,40.46805556,-74.64888889,0.264930105590552,0.7388666237679368
01403400,1,40.66611111,-74.40388889,0.30875770474243946,0.8277916157890066
01405400,1,40.38944444,-74.39055556,0.28554689286860163,0.6488899135486885
01408120,1,40.09166667,-74.1525,0.24095527301213732,0.18714399787922198
01409280,1,39.66666667,-74.32027778,0.20251890125976718,0.433510113418228
01409810,1,39.68805556,-74.5480556,0.23162095861258455,0.15811496401355699
01410150,1,39.62305556,-74.44138889,0.3139453404225369,1.4061806805455488
01412800,1,39.4725,-75.25555556,0.4018258765592846,0.6480580118106817
01413398,1,42.15069444,-74.60138889,0.3337197531286936,0.4506334684402997
01413408,1,42.14644444,-74.62341667,0.31865800010140377,0.0060363849410616675
01413500,1,42.14477778,-74.65336111,0.25950598907235894,0.351740360793428
01414000,1,42.13305556,-74.6955556,0.22157430082439716,0.5278358961519095
01415000,1,42.11966667,-74.82044444,0.24855562582489446,0.16073520632373492
01421618,1,42.361167,-74.662167,0.24274304492737833,0.46987231870752916
01421900,1,42.280278,-74.907222,0.17948790930602532,0.17585200973142584
01422747,1,42.17266667,-75.1219167,0.24189019281612742,0.7047609382925493
01427500,1,41.76055556,-75.04838889,0.19655803586276338,0.4816935708220549
01428750,1,41.67452998,-75.37601299,0.23810566646548711,0.6563710762983614
01439500,1,41.08815078,-75.03767469,0.22501312794793202,0.9948445689255906
01440000,1,41.10611111,-74.9525,0.2440600288446866,0.3716296386397204
01445000,1,40.9808333,-74.77638889,0.21431391451476758,0.3101446316859879
01446000,1,40.84333333,-75.04638889,0.21981733066264045,0.09774496040683439
01451500,1,40.5823197,-75.48296088,0.4002743330093575,0.33855218586752567
01451650,1,40.59648637,-75.4740717,0.35173272029514757,0.4170818331434217
01466500,1,39.885,-74.50527778,0.30258882886188837,0.26011276441164527
01472198,1,40.393898,-75.5154532,0.27063069579539956,-0.22793765909358857
01472199,1,40.3739879,-75.5224034,0.21535767769922257,-0.21051118260293022
01480300,1,40.07287916,-75.8607744,0.2798308416672564,-0.13647827222091477
01482500,1,39.64388889,-75.33027778,0.3885076083627989,0.6292614224171947
01483700,1,39.1637222,-75.5190833,0.23345977238235854,-0.08596617212273004
01485500,1,38.22891667,-75.4714444,0.3135470119403139,0.17623000247298004
01487000,1,38.7283333,-75.5618611,0.27525005048853984,0.04337602684911844
01495000,1,39.6675833,-75.8255833,0.26876391090458107,0.10867130446204713
01502500,1,42.37797222,-75.40611111,0.15760432366437127,-0.0586057437898172
01509000,1,42.60266667,-76.15938889,0.18670303169225244,-0.07366194483559961
01510000,1,42.54116667,-75.89919444,0.15101112776501383,-0.04892096755047969
01512500,1,42.21805556,-75.84813889,0.1496214600953692,0.8466454528780735
01514000,1,42.12916667,-76.2705556,0.19740426722387713,0.35768494924850336
01516350,1,41.7970183,-77.0802457,0.27785911721498885,0.7526230691607979
01525981,1,42.0722222,-77.29888889,0.2482052800287349,0.10436386697400118
01527500,1,42.41105556,-77.4263611,0.2030529596668243,1.097945102601917
01532000,1,41.70757505,-76.4849432,0.2833848272071009,0.4842564995820052
01543500,1,41.31728467,-78.1030596,0.22141885223613755,0.39552165973046816
01546400,1,40.8336726,-77.82750108,0.19795865743945928,0.8768288005045225
01548500,1,41.52167017,-77.4474547,0.2282223970960115,0.4651576051655602
01552000,1,41.32500378,-76.9124381,0.21436349138252433,0.324521354777959
01552500,1,41.35694679,-76.5346477,0.2377497439467852,0.07184081542454887
01555000,1,40.86674917,-77.0483088,0.2461911026490324,0.40772925847858826
01560000,1,40.071688,-78.4924955,0.22451679296357563,0.35393416642957276
01566000,1,40.5153564,-77.41915568,0.22246221869669447,0.01629043022592476
01568000,1,40.3233483,-77.1688404,0.2498847498459189,0.4259622040408877
01580700,1,39.52263889,-76.14227778,0.18254247357164935,0.1080748952958308
01581500,1,39.5414722,-76.3301111,0.29667307613733046,-0.27601189730361636
01581649,1,39.49219444,-76.25911111,0.2677642294018625,0.688264472446892
01581830,1,39.65480556,-76.78091667,0.359968584386606,0.04577412622517161
01581870,1,39.62569444,-76.77261111,0.3307424343352056,0.8028064982976054
01582000,1,39.60425,-76.62052778,0.23642586212730585,-0.21315039497581384
01583100,1,39.5206111,-76.76688889,0.3047918571522818,-0.24212495324356345
01583500,1,39.51077778,-76.6765,0.3239386380397739,0.40166369770123106
01583580,1,39.47947222,-76.67802778,0.41316238959882934,0.04405735130250729
01584050,1,39.45469444,-76.47888889,0.36644925222000235,0.03521647619552585
01584500,1,39.50536111,-76.43177778,0.32037052324311804,-0.17096260768203758
01586210,1,39.48944444,-76.90294444,0.2671065814489837,-0.36086913048988883
01586610,1,39.45188889,-76.9553056,0.3221346667654328,-0.4328803919397312
01589500,1,39.17,-76.63061111,0.31570983042988265,0.58192808504616
01591000,1,39.23825,-77.0557222,0.3611829055736725,0.5142465322078168
01595300,1,39.36676569,-79.17892449,0.23356909315547347,2.764814580353314
01599000,1,39.50091389,-79.04881944,0.22412105219335887,0.41733907575485124
01601500,1,39.66961111,-78.78802778,0.24863056738105485,0.7712921159140749
01605500,1,38.63567247,-79.3378199,0.3215349599201154,0.30384314425817033
01606500,1,38.99122107,-79.17587059,0.27920293988704736,0.7499337044943679
01609000,1,39.5532222,-78.555,0.26341287466296254,0.5273698108409943
01610155,1,39.64952778,-78.34413889,0.2566623234225906,-0.4500587743893618
01611500,1,39.5823158,-78.3097312,0.3077809937902158,-0.017578326240555775
01613525,1,39.67627778,-78.04252778,0.15915615093401464,-0.580656820966888
01613900,1,39.2145479,-78.2880592,0.3538760252470742,-0.575732542733271
01616100,1,39.19259167,-78.0686306,0.3806460942981341,-0.3082103424387547
01617000,1,39.46954296,-77.9713871,0.29200568210436884,0.16006106005078435
01617800,1,39.51455556,-77.77722222,0.3056515281457422,0.06129080545408624
01621050,1,38.48679008,-78.96030749,0.46272281197467574,-0.11768289526060773
01632000,1,38.63706254,-78.852803,0.3227711924713482,0.0682227455432732
01632082,1,38.60678588,-78.803357,0.40476164527589575,0.1669245674515241
01632900,1,38.69345016,-78.6427935,0.37328782434663693,-0.08532607226280235
01634500,1,39.0812176,-78.3294486,0.35555519351118947,0.06653998440141806
01635500,1,38.95816564,-78.2666685,0.32470719059176006,0.7088722109656199
01636316,1,39.067025,-78.0037528,0.4148147198087419,0.14977005794164705
01636690,1,39.3108333,-77.7185,0.21657228188713173,-0.978031313760946
01637500,1,39.42725,-77.55616667,0.30285624857617904,0.12354009651365863
01638350,1,39.1911111,-77.6154444,0.28125353855421,-0.2317215965345539
01638420,1,39.205,-77.62388889,0.31164173739517426,-1.0257966109452148
01638480,1,39.25510206,-77.5763778,0.32152474063251235,-0.20262539614498865
01639500,1,39.61236111,-77.23744444,0.23519403725602897,1.1847995293534
01643395,1,39.27530556,-77.3036667,0.36886510046573,-0.058558056944934635
01643590,1,39.1676111,-77.5359167,0.48970194850197324,-0.5767640926136851
01653600,1,38.70577778,-76.9661944,0.3636418596589356,0.8495483631087393
01658000,1,38.59613889,-77.05602778,0.3692843678637117,0.037983070654660216
01658500,1,38.5873427,-77.4285958,0.3402499851559773,0.2602166102331765
01660400,1,38.49040138,-77.4335942,0.2673248147168518,0.8759431383584787
01660920,1,38.4905833,-76.9270833,0.367272745108359,0.5637797682241795
01661050,1,38.33330556,-76.725,0.42982657125068296,0.47793419259064945
01662800,1,38.65567564,-78.0738869,0.36477335124758176,0.3659670616793582
01663500,1,38.59178867,-77.9649962,0.30527765874819657,0.570371373725269
01664000,1,38.5305957,-77.8135912,0.2778594067248288,0.3130916497951393
01665500,1,38.28068606,-78.340007,0.3924065331022227,0.37544987317381173
01666500,1,38.32513047,-78.0955557,0.3293574696090291,-0.0348693115605061
02011400,1,38.04234707,-79.8814439,0.2393169215900541,1.1347590085216401
02011460,1,38.24540129,-79.76866328,0.24403134593579115,0.6113370048105875
02011500,1,38.0695688,-79.8970003,1.5206201823592351,-1.9179827801282086
02013000,1,37.8029022,-80.0470043,0.25385792652436656,0.2327390104295702
02014000,1,37.72901408,-80.0422802,0.23011673200351868,-0.1284293789589143
02015700,1,38.19540308,-79.57032338,0.2394833478794863,0.5508186656585631
02016000,1,37.79179587,-79.7594917,0.19297122242981443,0.02512107654223143
02018000,1,37.66596174,-79.9114388,0.23470276341845542,0.37901957156218835
02018500,1,37.46818624,-80.00532199,0.34594762266626167,0.22379578861965782
02020500,1,37.98790619,-79.49365288,0.31514146924531566,0.48514109472257416
02021500,1,37.90735266,-79.42198289,0.2523081537089764,0.5400140498809609
02022500,1,37.82568687,-79.4430938,0.3976599854435008,-0.1056305882884041
02027000,1,37.71541868,-78.981691,0.3234552483309616,0.31785117400769375
02027500,1,37.7023625,-79.0275254,0.3996301801161378,0.7894329204938763
02028500,1,37.86958499,-78.8233543,0.33517751297154025,0.3714303157226942
02030500,1,37.70292198,-78.37750429,0.2610365490295603,0.9802565601053931
02038850,1,37.41542434,-78.6358392,0.4649786195076044,0.41004666758622527
02044500,1,36.9834822,-77.7997188,0.3214819144294347,0.2465649729529397
02045500,1,36.90014978,-77.3996996,0.2326165722804065,0.2082192555172514
02047000,1,36.7704276,-77.1660778,0.21582542799782545,0.4833533634147256
02047500,1,37.0251499,-76.8746824,0.2690328282906544,0.045245352207517846
02049500,1,36.7626499,-76.89829369,0.24447138323039314,0.36116927427087575
02051000,1,36.9973738,-78.3497182,0.29359353226452234,0.9893466077417409
02051500,1,36.71681395,-77.8316582,0.21116872844920584,0.3137469467732841
02052000,1,36.69014954,-77.5405364,0.21263763049695397,0.18883145481261276
02053500,1,36.28027778,-76.9994444,0.25891279149843616,1.0432267727538598
02053800,1,37.1401323,-80.2664328,0.3368586990732012,-0.269116005610744
02054500,1,37.23652179,-80.2092089,0.2628034669101372,-0.21783198143869492
02054530,1,37.26791157,-80.1394858,0.25089825459639165,-0.26674244124774915
02055100,1,37.41763318,-79.9353193,0.4222904648201497,-0.16576478052412755
02056650,1,37.22763879,-79.8680915,0.3613445118235435,0.030213874896171656
02058400,1,36.9459767,-79.5247508,0.26650678680804196,0.5536971778500445
02059500,1,37.1731995,-79.5203076,0.3367234580882089,-0.056086537512793605
02064000,1,37.12680956,-78.9597374,0.30992464568909633,0.7256893210579647
02065500,1,37.0793112,-78.7636178,0.35428729840253326,-0.05557178217167868
02069700,1,36.570971,-80.1294928,0.3295738239044079,0.7085074453421148
02070500,1,36.53388889,-79.99138889,0.25819380373022793,0.39722971993019296
02074500,1,36.6195825,-79.5041932,0.2917287624383581,0.01526335340276583
02077000,1,36.7765267,-78.9158438,0.26902222869008563,0.3976243039529596
02079640,1,36.67958589,-78.326664,0.24307914476843182,-0.30308003311315035
02081500,1,36.19416667,-78.5830556,0.2545727159621288,-0.3275435365455074
02082950,1,36.1833333,-77.8761111,0.2874059724652819,1.332781959339498
02083000,1,36.15055556,-77.6930556,0.2448090032624086,0.45124158972904194
02088383,1,35.82194444,-78.3522222,0.3827668664720514,0.8885501439972855
02091000,1,35.48888889,-77.8061111,0.3109938502457032,1.6663492712108294
02092500,1,35.06416667,-77.46138889,0.35654067368365977,1.1838184219403314
02093000,1,34.84916667,-77.5194444,0.3479758244282917,1.1761115913008557
02096846,1,35.9872222,-79.2061111,0.23514419080198912,-0.03298403939850567
02097464,1,35.9236111,-79.115,0.3759904780925583,-0.25297310727784816
02101800,1,35.6597222,-79.4016667,0.3302011603619722,0.06014596983165472
02102908,1,35.18277778,-79.1775,0.3229705002583939,0.23020624528926975
02104220,1,34.9997222,-79.2147222,0.2800091171084982,0.6152517627231981
02108000,1,34.82888889,-77.8322222,0.2746157742654534,0.5074347200758509
02111000,2,35.9908333,-81.5583333,0.3439296638843576,0.6270310971607959
02111180,2,36.07138889,-81.4030556,0.35838990598712595,0.5948906630816861
02111500,1,36.175,-81.16888889,0.2503986803311243,0.17590065418274425
02118000,2,35.845,-80.65888889,0.2667547953650423,0.03842875026072576
02118500,2,36.00055556,-80.7455556,0.2628728348523919,-0.7047176206356249
02128000,1,35.3872222,-79.83138889,0.24428573659655994,0.32772587040140805
02130840,1,34.6633333,-80.2116667,0.3248541772640077,0.3399707470272167
02130900,1,34.51404244,-80.1831244,0.262779792846229,0.4137940124760068
02137727,2,35.6858333,-82.0602778,0.31702376013043077,0.20771946804040212
02140991,2,35.8336111,-81.7119444,0.3194870538954288,0.002243521011404198
02142000,2,35.94555556,-81.2369444,0.3298223532732048,-0.5394312987560897
02143000,2,35.68444444,-81.4033333,0.289353015612724,0.0941040451672251
02143040,2,35.59055556,-81.5669444,0.28434219565559515,-0.44555573676460036
02149000,2,35.4233333,-82.1116667,0.25615007195730105,-0.6750728592143609
02152100,2,35.4929722,-81.6822778,0.29512152656027596,-0.3794452721610285
02152474,2,35.41527778,-81.5616667,0.28779896751186607,0.5413569950586762
02154790,2,35.1063,-82.129775,0.31288401100962876,0.2840171814171453
02162350,2,35.120342,-82.537578,0.32526377181748944,0.07365332851000964
02167450,2,34.20957949,-81.7631659,0.343464249524858,-0.005271024941401307
02174250,1,33.3787575,-80.699807,0.36993752561305854,0.3142295464003991
02177000,2,34.81377778,-83.3063611,0.2458847913513811,0.45871879942174426
02178400,2,34.8899722,-83.53063889,0.24079523467792344,-0.05265206753070106
02192500,2,34.07244444,-82.5009167,0.2921410700109014,-0.7919987477900139
02193340,2,33.68266667,-82.8585,0.2576777070724312,-1.2722706905966659
02193500,2,33.61277778,-82.7425,0.31118892222390443,-0.4859147448496477
02195320,2,33.6011111,-82.2326111,0.396069789955094,-0.16986181940332434
02196000,2,33.72929717,-82.1817873,0.2876018266862449,-0.41325039229703875
02197598,2,33.18055556,-82.3340833,0.21047061535441064,0.19823443054819573
02198690,2,32.36577778,-81.2970833,0.47927727232259315,-0.318508874298011
02201000,2,32.97566667,-82.6098056,0.3320219670888462,0.059600268901341694
02201230,2,32.81469444,-82.235,0.2732517645060611,0.35755381565319966
02202040,2,32.64927778,-81.8407778,0.2810307042210193,-0.19691025322417544
02202500,2,32.1901111,-81.4158611,0.2809439023216932,-0.21526817162944137
02202600,2,32.16755556,-81.48775,0.4689378245883638,-0.40059722369367534
02203000,2,32.1843611,-81.8892222,0.304556363715933,0.06917131186916797
02207435,2,33.7111111,-83.9144444,0.34288347423976906,0.124086875689851
02212600,2,33.10030556,-83.7231667,0.28013856486260263,-0.15453955965366242
02215100,2,32.2401111,-83.5018333,0.3638537248259544,-0.46485383389496204
02216180,2,31.99138889,-82.9219444,0.4177751209832244,-0.41819723245984297
02217274,2,34.0822222,-83.8544444,0.39741268492163445,-0.1904761742853129
02221525,2,33.25275,-83.4826111,0.2878322637767897,-0.2526136501637117
02225500,2,32.07713889,-82.1765,0.27963765596609846,-0.4256036275040256
02226500,2,31.23844444,-82.3228333,0.36658157170876127,-0.6855270381406839
02227500,2,31.45213889,-82.0543333,0.3551383209156584,-0.5293175090680661
02228000,2,31.21958333,-81.8664444,0.3362588232610736,-0.43640001892488683
02228500,2,30.51773125,-82.2303954,0.3572305656716413,-0.07057212438909626
02231000,2,30.35884726,-82.0815013,0.3603099265493128,0.23107070517949185
02245500,2,29.9794075,-81.8520426,0.37395274562783765,-0.11315016965539808
02314500,2,30.68102778,-82.56013889,0.4011393301728482,-1.6053797702505237
02316000,2,31.38527778,-83.1935,0.32498338022791595,-0.3194485243318411
02317500,2,30.70383333,-83.0326667,0.33330337277425387,-0.3023288457266248
02318000,2,31.15555556,-83.5436111,0.3717126804075976,-0.23261486996190323
02321000,2,29.9982954,-82.2739992,0.4570117853714953,-0.6746761397932142
02322500,2,29.84884769,-82.7151204,0.2943855074349026,0.06582993943361529
02326000,2,30.17076448,-83.8237679,0.399719858790239,-1.843139743164722
02326500,2,30.36992847,-83.80682559,0.5000208212429061,-1.2103903376659295
02326900,2,30.2714311,-84.1482508,0.22228408020983081,-0.12961604564357768
02327100,2,30.12936856,-84.4943482,0.24316165412917015,-0.02703247719300911
02328522,2,30.6690846,-84.3051807,0.4341110377779137,0.16495542770648336
02329000,2,30.55408644,-84.3840715,0.3528848765778499,-0.18705343566097463
02329500,2,30.58741806,-84.4965763,0.390377609604495,0.02514316555514543
02329600,2,30.5124192,-84.5235206,0.40576352607006777,-0.11565703196584252
02330450,2,34.7009722,-83.72925,0.27138840166130757,0.49890640870449837
02334480,2,34.1325,-84.07,0.2830781033474221,0.07526157699065002
02334620,2,34.07163889,-84.1304167,0.2402227077982325,0.39556405996190075
02337498,2,33.52638889,-84.9367222,0.25583158590575694,-0.4521668849031826
02337500,2,33.52930556,-84.9287222,0.4914656073061361,-0.776376360414573
02338523,2,33.3407222,-85.2267222,0.30445977429760135,0.04550463566287741
02341800,2,32.413,-84.82,0.26142586841330606,0.4459120828170397
02342850,2,32.1527222,-84.9059167,0.32096095458569196,-0.6763953007166109
02346310,2,33.18741667,-84.22663889,0.2620754192590305,-0.3366467178266214
02349900,2,32.19555556,-83.9022222,0.42067360198328646,-0.7207704783449321
02350600,2,32.0525,-84.5483333,0.30907475797988904,0.1287113543979615
02350900,2,31.76458333,-84.2531111,0.3228246189567462,0.4646336284495181
02351500,2,32.0836111,-84.2588056,0.3340001425617651,1.6129557817119649
02353265,2,31.52694444,-84.5827778,0.3198423518567269,-0.21118883440541786
02353400,2,31.55513889,-84.6807778,0.3442754230679108,0.4435031535520589
02353500,2,31.38277778,-84.54638889,0.311460122489454,-0.09765809234725356
02354500,2,31.35055556,-84.4825,0.32790684113614926,-0.1803322744460805
02354800,2,31.29366667,-84.4885556,0.3824762718540184,-0.13450267057936127
02357000,2,31.04008333,-84.7393056,0.3874654681445055,-0.5563455287194289
02359500,2,30.3846406,-85.5565932,0.18468243640983367,0.5526263536487896
02361000,2,31.3429492,-85.6104912,0.2983672488793789,0.8451825884793933
02363000,2,31.59488716,-85.7829975,0.3324939567492517,0.30757824307545356
02364500,2,31.11267588,-86.0993868,0.22714568619815712,0.5873811532250527
02365200,2,30.94990438,-85.84299,0.23394905152155418,-0.367820005598558
02365500,2,30.77574389,-85.827711,0.23217901277627065,0.8208899914013327
02366000,2,30.62685899,-85.7121531,0.31603110681970886,-0.18607733001131685
02366500,2,30.4510296,-85.89826819,0.23581264662037937,-0.06918706239555329
02368000,2,30.7529664,-86.6291207,0.3340248970092921,0.3995390314784092
02368500,2,30.7960205,-86.3068906,0.35307454329158505,0.08504507904347813
02369000,2,30.69741268,-86.570786,0.29328753919167955,0.24281830518792114
02370000,2,30.8335197,-86.7346786,0.3499342939428265,0.3536649405442634
02370500,2,30.70852375,-86.972186,0.35296561988958913,0.5180725359438931
02374250,2,31.06715578,-87.0616644,0.2769829748989269,0.2590314643901917
02374745,2,31.1298991,-87.0871928,0.3376290375866339,0.4980339315965513
02374950,2,31.12962115,-87.3705353,0.2717607581744849,-0.051263813619685
02375500,2,30.96518304,-87.2341395,0.21852871400643817,-0.03465269892890542
02376500,2,30.69027778,-87.4402778,0.30862580738375206,0.22975622952283428
02377570,2,30.6057799,-87.5472342,0.3987893470183688,0.04680831476521018
02378500,2,30.54550384,-87.7986304,0.43906581044465215,0.14325162480406162
02381600,2,34.57044444,-84.46888889,0.33046099292164705,0.03420089565218932
02384500,2,34.8275,-84.8509722,0.2608742699039172,0.08861468609504135
02384540,2,34.87194444,-84.7212778,0.30073225206674753,-0.001390660035838886
02391840,2,34.26505556,-84.4735,0.47384673265420446,-0.7104153657594163
02395120,2,34.24277778,-84.8897222,0.3117294966476344,-0.7807510524397535
02399200,2,34.2889813,-85.6805204,0.3276954904869839,-0.18063725670528397
02400680,2,34.43814386,-85.7671907,0.1810145020268139,-0.25476421716019937
02401390,2,33.8398211,-86.2627559,0.15623642849445377,0.435372191929036
02421000,2,32.30736239,-86.2994126,0.29937889027840003,0.25228871709003037
02438000,2,34.10621294,-87.9894765,0.19438614568539017,-0.12970470801285172
02439400,2,33.79,-88.3152778,0.2558017713830299,-0.3221773684287067
02443500,2,33.51416667,-88.3952778,0.25389909933149074,-0.49572930453260233
02448000,2,33.0723611,-88.5587778,0.30395492277001096,0.21489815329534795
02449882,2,34.07985725,-86.6077617,0.2580053233322762,-1.429250357750325
02450250,2,34.28537757,-87.3989084,0.19081783983911155,-0.07253750352841845
02453000,2,33.90843985,-87.2569514,0.1847928198266547,-0.15606694824567713
02467500,2,32.5737822,-88.1933648,0.2836306918777693,0.38807787835340996
02472000,2,31.70694444,-89.4069444,0.2254895993924724,0.1563605047953061
02472500,2,31.42583333,-89.4147222,0.28647751928401205,0.5718333577378039
02473000,2,31.34305556,-89.2802778,0.21563970023005474,0.32216529664991916
02475000,2,31.10741389,-88.8083222,0.20901621569947762,0.1328014840299607
02476500,2,32.36777778,-88.6772222,0.27645759650506785,0.08208015510476062
02478500,2,31.1486111,-88.5480556,0.18494844655135181,0.1802141215976313
02479000,2,30.97805556,-88.7269444,0.20268509503796983,0.10234471308225164
02479310,2,30.61055556,-88.64138889,0.1708387695426443,-0.3381252246195702
02479500,2,30.8624092,-88.417792,0.22035086597519185,0.7532958554985582
02481000,2,30.5586111,-89.1219444,0.20985922769755455,-0.4304282462895072
02481510,2,30.4836111,-89.2744444,0.20628850597811535,-0.08385877379559029
02484000,2,33.0322222,-89.5777778,0.24337721574887522,0.13374643075176412
02484500,2,32.7061111,-89.6719444,0.24894928189547208,-0.048048125519131464
02487500,2,31.97777778,-89.8975,0.22675509303544464,0.13093228632274184
02488000,2,31.79083333,-90.1425,0.16405264325039318,0.411249132173601
02490500,2,31.17694444,-90.2794444,0.32088884017724123,-0.4779964865282443
02492000,2,30.62935636,-89.8972956,0.31524914220153977,-0.36338289506113397
02492343,2,30.57416667,-89.5947222,0.23907594128154563,0.10945338732142441
02492360,2,30.6622222,-89.6861111,0.2560866469294688,0.3880298722787217
03010500,1,41.963398,-78.3861287,0.225503741971353,1.2481897220191807
03011020,1,42.1568333,-78.7155556,0.14644070240669438,0.3881368889329108
03020500,1,41.4817261,-79.6953304,0.16522212817292278,0.2630334720881979
03029500,1,41.3306189,-79.2089298,0.19407088370500486,0.39184354907602914
03050000,1,38.809275,-79.8817342,0.176091315881516,0.21077258440993613
03051000,1,39.0292694,-79.93590799,0.13444478464333073,0.2068401463937599
03052000,1,39.03954454,-80.0681352,0.17453730494710637,0.13272024062992
03052500,1,38.96398938,-80.1525806,0.23547078694081078,0.33359076789510905
03065000,1,39.07232928,-79.6228373,0.21028697483914188,1.1116396518538725
03066000,1,39.1270524,-79.4683852,0.18801664078166283,0.7371145180743613
03067510,1,38.6170576,-79.8697849,0.18214075301361068,-0.014734145803220163
03068800,1,38.91316335,-79.770342,0.22710413491895656,0.019426608585974926
03069500,1,39.12155556,-79.6755278,0.1851642866581365,0.7727417391129335
03080000,1,39.820355,-79.3214227,0.18314030591578692,-0.16450551374919561
03093000,1,41.26116735,-80.9542569,0.16799581782580206,-0.16065454547761265
03111548,1,40.0670164,-80.8084198,0.21356582436187316,-0.017899741913145195
03114500,1,39.4750762,-80.9970537,0.12509406225997002,0.06041902745374012
03115400,1,39.5631294,-81.2037236,0.22100607231711003,0.8440724649921458
03139000,1,40.48145387,-81.985979,0.2532153415456879,1.8245654724510538
03144816,1,39.9636111,-82.5986111,0.22507152012419104,0.7318987813788468
03145483,1,40.06888889,-82.5516667,0.16706715088965235,0.8711068469647132
03152000,1,38.9329722,-80.8382222,0.28653535900401467,-0.8787701190221743
03153500,1,38.9217307,-81.0947567,0.28374499247069096,-1.641034770524065
03155000,1,39.0589686,-81.38956408,0.1266412524823634,-0.2033089398227119
03159540,1,39.06368935,-81.8818024,0.16342325858065038,1.089678518946855
03164000,1,36.6473497,-80.978969,0.2500244696191681,0.5349931560570582
03165500,1,36.83484534,-80.9525807,0.25027179110235864,0.9173804476264878
03167000,1,36.93900995,-80.8872997,0.2261736311914602,0.09014202512780793
03170000,1,37.03762635,-80.5567239,0.25654437007738307,-0.1725481386328102
03173000,1,37.26817845,-80.7095125,0.22652094272431383,-0.10853066598444126
03175500,1,37.30567654,-80.8497993,0.23009181224709638,-0.5367911716859283
03180500,1,38.54372659,-79.833115,0.23562121726949461,1.3703605101662923
03182500,1,38.1862222,-80.13,0.1800671457136795,0.46803381905998304
03183500,1,37.7242874,-80.641468,0.16341537555956778,-0.14230577909946482
03184000,1,37.64012018,-80.805083,0.1447693424202227,0.16901864073477108
03186500,1,38.37899915,-80.4839737,0.18983656967476703,0.5452532473775585
03187000,1,38.36594285,-80.6009232,0.20462211673700498,0.37940425805886957
03187500,1,38.2953903,-80.5264749,0.18855046562250297,0.28622941982913425
03189100,1,38.29094494,-80.6409242,0.19193573231518463,0.14578250597253606
03190000,1,38.1126125,-80.8762069,0.1760964061690613,1.164445945533981
03194700,1,38.59732627,-80.4903644,0.1823600053512746,0.4434043567221644
03197000,1,38.47203988,-81.2841933,0.15421996450089034,0.6537967120564031
03198350,1,37.9662186,-81.524278,0.2714247721742256,0.6617406163284547
03202750,1,37.62316608,-81.7073342,0.1878170368518912,0.16869614514847966
03206600,1,38.0118333,-82.3059722,0.19211272556915931,-0.2590620231158948
03207800,1,37.35371995,-82.1956935,0.31101360215751556,0.033633620574884227
03208500,1,37.20705367,-82.2956993,0.2847549450767451,-0.364817707291947
03212980,1,37.39538968,-81.8026142,0.22604399791790825,-0.5783934695454359
03213500,1,37.44555556,-81.8711111,0.35026712406341615,-0.05189073051055578
03213700,1,37.67311758,-82.28012402,0.2682536893519052,-0.022553977996495136
03216500,2,38.3300813,-82.9393353,2.797464563776271,-1.800404866047173
03217000,1,38.5642453,-82.9521158,0.24010460013634088,0.39455252045272043
03237500,1,38.8036838,-83.4210226,0.186874717213656,0.24432442642675167
03248300,1,37.73064817,-83.0579478,0.20056858662844415,0.693354479442915
03250500,2,38.4200749,-83.9974261,0.6575066991278516,-2.5409042576138527
03251200,1,38.5947955,-84.0202056,0.13772326486427844,0.8078392592290587
03251500,2,38.60007244,-84.2663239,0.9163595385487958,-1.8856574464087656
03272700,1,39.629203,-84.6443633,0.26815055284430145,0.36522177503435876
03277300,1,37.11759849,-82.82460429,0.2471868738973239,-0.15436477778286373
03281500,2,37.47981018,-83.6751923,0.20504187303727225,0.10121648090351393
03282000,2,37.5531418,-83.7693625,0.18369072624301575,0.05269043830343207
03282120,2,37.6783333,-83.9483333,0.12670462403225025,-0.5229087639290242
03283500,2,37.86480329,-83.9335328,0.22602957616626873,-0.3184902000739132
03291500,1,38.7064538,-84.8248089,0.1609679185440531,0.0048013947472993115
03319000,2,37.5475514,-86.7216546,0.6709507515502467,-1.23441348887853
03340800,1,39.81253498,-86.95388289,0.2777493366156124,0.7378867578188641
03343400,1,39.79163889,-88.1857778,0.25576823911530266,-0.6463166152099263
03346000,1,39.01027778,-87.9455556,0.29994317252584246,-0.569135556697522
03357350,1,39.76170225,-86.7294311,0.20521607925093274,-0.12971053929389648
03364500,1,39.2747637,-85.7016201,0.21994878342732488,0.15020453570533604
03368000,1,39.07032188,-85.4860578,0.17608356378420104,1.4213949131946846
03373508,1,38.6731055,-86.7449874,0.17103581445773783,-0.5840193947589294
03400500,1,36.97398059,-82.99294,0.2332409577143839,-0.2472805762907752
03404000,2,36.743417,-84.1560449,0.12323245405539315,-0.07948489304990812
03426470,2,36.28448937,-86.706331,0.14617708348718875,-0.9525972549711893
03431599,2,36.2176545,-86.8202207,0.2020024793836426,-0.9835393566635786
03431800,2,36.3200218,-87.0511943,0.2219175083167185,-0.06832960279860106
03432350,2,35.92084908,-86.86548879,0.1931939343515929,-0.11004680070857191
03434500,2,36.1220369,-87.09888769,0.2259780188489141,-0.1954128593881447
03439000,2,35.1433333,-82.8247222,0.2084820126315381,0.03847162396229028
03441000,2,35.27305556,-82.7058333,0.23562925412601102,0.004842216234314673
03446000,2,35.39805556,-82.595,0.2431231508944038,0.32918179884735704
03455500,2,35.3961111,-82.9375,0.2095084581009149,0.5418321851285727
03456991,2,35.52194444,-82.8480556,0.2860927197858782,1.088539666158713
03463300,2,35.83138889,-82.1841667,0.31860398605857543,0.8849709774675804
03471500,1,36.7603931,-81.63122929,0.2443412679717062,0.26251309321207783
03474000,1,36.80733756,-81.6220617,0.26826802961404617,0.023757221815164695
03485500,1,36.34452955,-82.2101245,0.2527856826838662,0.5508371776550552
03488000,1,36.89678115,-81.7462293,0.20914355985081745,-0.06118247587966165
03490000,1,36.60871119,-82.567931,0.19163449060508,-0.06788033991316696
03491000,1,36.42620656,-82.9518304,0.21026150098817656,-0.28142094856390576
03498500,2,35.7856337,-83.8846022,0.22595464975256224,-0.0686202208431212
03504000,2,35.1275,-83.6186111,0.17155083262307042,0.016847088947281583
03512000,2,35.46138889,-83.3536111,0.1576068163014853,-0.33724947656771376
03532000,2,36.5425219,-83.6300294,0.18889953064246284,0.16063850159621534
03535000,2,36.11441319,-83.9881737,0.29819118182242543,0.40949353589909415
03543500,2,35.5813165,-84.7480508,0.23783178425952226,-0.025753896933367323
03544970,2,34.8836111,-83.7223056,0.18460321296304907,-1.4368319913100345
03550500,2,34.84194444,-83.9358333,0.18489263751905982,0.287095275382973
03558000,2,34.79,-84.24,0.20412008977380852,-0.19441470309840347
03571000,2,35.2057214,-85.49703019,0.21887146708859964,-0.31795450279871096
03574500,2,34.62428955,-86.3063635,0.23093631881915047,-0.13619380337108142
03575830,2,34.6973134,-86.6999967,0.3159846137562472,-0.1422178463185085
03578000,2,35.296828,-85.869736,0.2211298042151077,0.29365930940392576
03588500,2,35.02415329,-87.5790219,0.28388926322519503,0.0960411550175609
03593800,2,35.180686,-88.2096051,0.35796985901838557,0.31007724871024067
03597590,2,35.52729537,-86.340271,0.17416819332349207,0.3532962061970077
03604000,2,35.49590598,-87.8328037,0.3014348481446487,0.06177503744165688
03604400,2,35.8118428,-87.77875039,0.30294781917796265,0.16248705333845279
04027000,3,46.4866144,-90.696297,0.21799741803832157,0.38458188802300514
04031000,3,46.5113361,-90.0746179,0.21823055651364565,0.5595271787782299
04033000,3,46.3568916,-89.0765285,0.1954177765506406,-0.057366940833610304
04040000,3,46.7207742,-89.207086,0.16440638728765392,0.09398118058815785
04040500,3,46.58410589,-88.5759697,0.1753012747323993,-0.07691492447581152
04041500,3,46.7258333,-88.6624167,0.14373940708557942,-0.0291448345307474
04043050,3,47.22853637,-88.3853928,0.16331515685891249,-0.5569400707870925
04043150,3,46.80409698,-88.3170724,0.18850000921448018,0.3311759474835051
04045500,3,46.5745833,-85.26963889,0.11773585954842482,-0.3378765263985346
04056500,3,46.03055272,-86.16107585,0.15946028250431965,0.02113271448416475
04057510,3,45.9430235,-86.7056997,0.13560888347846878,-0.4257934299334981
04057800,3,46.49910267,-87.8865238,0.2063600832864517,0.2800941505795849
04059500,3,45.7549674,-87.2020793,0.14839758313997814,-0.19569784493958112
04060500,3,46.05856639,-88.627354,0.2297266408836598,-0.33396979286028516
04060993,3,45.96078737,-88.3159663,0.19012192492335017,0.29002765891751775
04066030,3,45.4819444,-87.8022222,0.15817781560695965,0.10749677619475682
04079000,3,44.3922026,-88.7403812,0.15862474674474514,-0.40569603171827917
04096405,3,42.1031014,-85.0799764,0.1657394051256381,-0.3872508108292343
04097500,3,41.94032575,-85.6327707,0.14372983247674923,0.097328112028153
04102700,3,42.35420009,-86.1875265,0.18450416139838732,0.41741283148105657
04108600,3,42.6422537,-85.7219681,0.22810025291545655,0.6928877230726499
04111379,3,42.6830899,-84.2191329,0.18742097513103123,0.22940800982302706
04115265,3,43.2497545,-84.9811245,0.1788312936298331,-0.08105074855018071
04117500,3,42.6158688,-85.2363933,0.2077877322595542,-0.3287828250724881
04121500,3,43.8991863,-85.2553192,0.17397468707546596,-0.43682778056723837
04121944,3,43.43085818,-85.5955989,0.19871221127650618,0.29214668830628904
04121970,3,43.43474558,-85.6653239,0.14794565129951065,0.27737056228216206
04122200,3,43.46417856,-86.2325668,0.19882632602544845,0.4955337385309204
04122500,3,43.9450063,-86.2786896,0.1537585804240593,0.07553905642222843
04124000,3,44.43639239,-85.6986792,0.08172716041687332,-0.09046517354374123
04126970,3,44.65667,-85.436731,0.12706130698354612,0.3090475259685615
04136000,3,44.6769593,-84.2925146,0.12462695433784902,-0.31797143839676295
04148140,3,43.0336381,-83.5813417,0.1850914055500897,-0.2533152757941418
04152500,3,43.8794687,-84.4738977,0.20240049945059793,-0.03178589274406602
04173500,3,42.30028711,-83.89822356,0.12829041395521393,-0.19386937070909632
04184500,3,41.6594951,-84.2491148,0.18813779854265528,-0.7791464108725329
04185000,3,41.50449567,-84.4296719,0.19167958831852305,-0.5958296136379932
04188337,3,40.9244986,-83.5571508,0.1928829914460742,0.00025757274158221807
04188433,1,40.9825539,-83.5857631,0.1173244418591408,1.0885057346245846
04213000,1,41.92699898,-80.6039659,0.19042754501557446,-0.23250133300084622
04214500,1,42.8546111,-78.7564167,0.12670409650564418,-0.05525241473544347
04215000,1,42.8900833,-78.6449444,0.15847130864761522,-0.10768795971254262
04216418,1,42.86469444,-78.2834167,0.14899501534307635,0.6946245578483424
04223000,1,42.57019444,-78.0419722,0.17423419443472662,0.43037880533558753
04229500,1,42.95702778,-77.58888889,0.21107721257945988,0.3990666613434843
04230380,1,42.74266667,-78.1376111,0.17344055386858384,0.3204648610664588
04230500,1,43.01,-77.79138889,0.2018346667613652,0.14477108066344488
04231000,1,43.100556,-77.882472,0.18316156239091144,0.16288781905356284
04235250,1,42.95816667,-77.06791667,0.22716678865079024,-0.2923486110521434
04250200,1,43.53119444,-76.0376944,0.21602384403544483,0.2994147787964057
04250750,1,43.81369444,-76.0744444,0.12685422592751147,-0.36041296710035936
04252500,1,43.5116111,-75.30677778,0.14291413073340267,0.42688623412676996
04254500,1,43.61030556,-75.1099444,0.14165061147537372,0.2904702597220159
04256000,1,43.74680556,-75.3334444,0.1651156722552673,0.7282645990225058
04263000,1,44.60002778,-75.37891667,0.12007044842791377,0.24005123864453687
04265432,1,44.84652778,-75.0784444,0.16574594270820966,0.6079332221551825
04268800,1,44.59875,-74.7372222,0.1554068994282397,0.12400939014402347
04269000,1,44.8637222,-74.7786944,0.1407118765909882,0.33029573082407987
04270200,1,44.939972,-74.556806,0.15527808282942446,-0.21124370069681836
04273500,1,44.68172222,-73.47097222,0.15893122854062536,0.03387405725945724
04275000,1,44.438222,-73.681,0.1968062503518943,0.5875049615531613
04275500,1,44.451722,-73.643389,0.1851934063036563,0.6510945630322407
04276500,1,44.35847222,-73.39455556,0.21157453884198743,-0.10802942103038458
04282500,1,44.01314317,-73.1680182,0.14761532922594842,0.4840500199275572
04282525,1,44.061754,-73.17079579,0.24411009961026922,0.625032713191477
04282650,1,44.1981424,-73.2491311,0.1913299528116762,0.33422514590866703
04282780,1,44.24925319,-73.22857458,0.2570729738389495,-0.4782033986414303
04287000,1,44.1825606,-72.6406655,0.2516830427735908,0.22296934427942652
04288000,1,44.2772802,-72.7426163,0.1792351572253721,0.8292336002276193
04288230,1,44.5039413,-72.7817883,0.21762356907935496,0.09087881023351763
04292000,1,44.62286096,-72.67633099,0.15744080703518737,0.3580743826100437
04292500,1,44.6792507,-73.0727335,0.13422166814979802,0.30176245576632593
04296000,1,44.8689363,-72.2701041,0.15831864492342834,0.2469453393253327
05059700,4,46.6216388,-97.5739851,0.6253685348171705,-0.706992475188279
05060000,4,46.8660826,-97.106477,4.20535274189756,-3.052201660851806
05061000,4,46.851975,-96.32912,0.3346979984078675,-0.4445818438347457
05062500,4,47.26555556,-96.2475,0.4050929638807619,-0.1918153281366835
05120500,4,48.1382932,-100.5399409,3.5272816309852386,-3.514367433619704
05123400,4,48.5877399,-100.4416083,0.7133753954567302,-0.8511275004399543
05127500,3,48.082538,-91.652421,0.19792335312092812,-0.5550909366057001
05129115,3,48.265068,-92.5654257,0.1691367477375505,-0.6630881227114974
05131500,3,48.3954278,-93.5496852,0.22814959177671376,-0.3214962722179271
05379500,2,44.13175,-91.5530278,0.26926625266127274,0.18307177568154678
05385000,2,43.76857719,-91.5698654,0.29996323528572344,-0.32108591421385996
05387440,2,43.40691316,-91.8990464,0.3086208771806129,-0.6464587857929813
05387500,2,43.3048888,-91.7955429,0.2989932888551707,-0.15964816552812258
05388250,2,43.4210841,-91.5087519,0.2987348190856586,0.23697971983431923
05393500,3,45.44916667,-89.9791667,0.20669762202234337,-0.6095441183789384
05411600,2,43.20727778,-91.9503333,0.3342359338962655,-0.5866268223321933
05411850,2,43.0541879,-91.8090983,0.3729207975067035,0.17119899320061818
05412020,2,42.84348517,-91.4012767,0.37633104074842916,-0.15257140095644636
05412400,2,42.7538753,-91.3690252,0.34657539969911605,0.0320710442037461
05412500,2,42.7399884,-91.261799,0.22740916048187174,-0.04351333000505915
05416900,2,42.4699878,-91.4487147,0.43508370251433354,-0.08535493925476273
05420680,2,42.83609167,-92.2574,0.3316158920935547,0.0867344352084662
05421000,2,42.46359796,-91.8951722,0.335427285475811,-0.30955375136319896
05435500,1,42.30027778,-89.6152778,0.2464419216755839,0.15266734197978038
05439000,1,41.9311111,-88.7597222,0.26775015880949177,-0.41931344538289056
05451210,2,42.31530556,-93.1521944,0.27996526653387416,0.07081735675657232
05451700,2,42.008875,-92.8524194,0.35183126623497823,-0.22054822958894996
05451900,2,41.89943868,-92.474355,0.3028371883574857,0.039681063756257635
05452000,2,41.9641611,-92.3132417,0.39990279180463634,0.3742243405958216
05453000,2,41.74944709,-92.1821267,0.2537478358605247,-1.0211515900947286
05454000,2,41.70001667,-91.4876667,0.4018980499328168,-0.4146655606444041
05454220,2,41.71834444,-91.7401722,0.35562070825343145,0.2741687177294137
05454300,2,41.67668056,-91.5987778,0.32421860471909547,0.11192695356687865
05455100,2,41.60640556,-91.6157222,0.3427718036744213,0.16255299773883763
05455500,2,41.4697387,-91.7146129,0.30228020362823116,-0.021026463297722297
05458000,2,43.03327778,-92.5035444,0.4002127547571168,-0.34271573696717134
05458900,2,42.62942778,-92.5435222,0.40373454879552845,-0.5812727836558088
05463000,2,42.572,-92.6182778,0.392736654858076,-0.33776221368490816
05463500,2,42.40776389,-92.4632472,0.43900846150716566,-0.20680010948778674
05464220,2,42.25152778,-92.2988889,0.382041120812281,-0.13829166834354598
05467000,2,41.1289222,-90.9193083,0.27583584925506405,-0.12917801087751182
05470500,2,42.02255556,-93.6305,0.3508944583009086,0.16420626588034856
05472500,2,41.30084444,-92.2046222,0.3138154779839705,-0.33105034202189504
05487470,2,41.33788889,-93.4864167,0.3002543758275126,-0.49678398055247464
05487980,2,41.24644444,-93.2901389,0.25174536005584386,0.29084481657606537
05488200,2,41.30038889,-93.0449167,0.37634668845770247,0.8909320233718412
05489000,2,41.2191111,-92.9088333,0.326505865397067,0.40452105592614057
05495000,2,40.39241667,-91.5978889,0.2783854035192554,-0.5037909109284562
05497150,2,40.01890278,-91.6223417,0.2471690770607874,-0.38343127943087657
05498150,2,40.028933,-91.7057179,0.2688250326270066,-0.03487631718478042
05500000,2,39.8974722,-91.5802778,0.21609779672397766,-0.29748260950791555
05501000,2,39.817,-91.5460278,0.2907194987416896,-0.2037188635538508
05502300,2,39.82988889,-92.2304444,0.284740603850172,-0.29088106878362663
05514500,2,39.01130556,-90.97775,0.27857998327659106,-0.26004765524708723
05533400,1,41.70777778,-87.9627778,0.23503818201292773,-0.4188088153884975
05540060,1,41.8564083,-88.2041611,0.27978966179905645,0.3369365007662432
05540275,1,41.7258972,-88.1631611,0.32318559808386943,0.6058164539423642
05549000,1,42.32069444,-88.31263889,0.27292769616170315,-0.08354346131894297
05550300,1,42.05866667,-88.3040667,0.2630426920823838,0.17984144739817
05551675,1,41.7408333,-88.3833333,0.2568916710460332,-0.3446611366648505
05551700,1,41.6718722,-88.4414861,0.3088241001886391,0.048525986530358375
05554500,1,40.8778333,-88.636,0.22032494988483683,-0.6928980485062528
05572000,1,40.03116667,-88.5891667,0.27246779683817796,-0.39851972045409706
05584500,2,40.33152778,-90.8961944,0.31746531940059525,-0.21586274725545984
05585000,2,40.0250833,-90.6310556,0.2542083180144442,-0.04813372664639175
06025500,5,45.52658056,-112.701725,0.2217591802391568,-0.45198346761336405
06026500,5,45.613283,-112.329397,0.21323924940720487,-0.5419821234462255
06036805,5,44.4593333,-110.8222722,0.15238199468119723,0.051312620613132756
06036905,5,44.6201833,-110.8635028,0.14703426612710066,0.36971089477915486
06037100,5,44.6408,-110.8610639,0.18908238615584752,0.19037481240227108
06043500,5,45.4973,-111.2707083,0.1320328930003481,-0.3387190359734059
06073500,5,47.199025,-112.0959056,0.3725270413328695,0.2632764160745152
06078500,5,47.6398611,-112.8593333,0.24911534538254437,2.7683626042226672
06090500,5,47.20859444,-110.93174722,0.29254287376417437,0.7631297586942137
06093200,5,48.36945,-112.8017806,0.2951982473071478,1.3333037033087618
06102500,5,47.8830833,-112.6119833,0.46321621270633506,2.095799399025675
06123030,4,46.31899167,-109.4605472,0.4895099771651998,0.4513058685484372
06127500,4,46.522425,-108.1088722,0.45838245863798566,0.20439128457937483
06130500,4,46.99469167,-107.8891639,0.40673310773943366,-0.1404651100688066
06139500,4,48.52671389,-109.8415778,0.7162796871138939,-0.36081952526062083
06142400,4,48.5788694,-109.3911306,0.4818642624368315,0.05807831849623466
06166000,4,48.3567833,-107.5821861,0.7311772375424292,-0.1589303354133864
06167500,4,48.4203111,-107.1711389,0.48322789364232277,-0.24629573186706885
06177500,4,47.4139722,-105.5756444,0.9799146364343759,-0.4488614128503766
06186500,5,44.56709167,-110.3804056,0.14718767152802376,-0.1909545793566417
06187915,5,45.00283056,-110.0018722,0.1504077839654439,-0.31074139257140565
06188000,5,44.92817778,-110.3942694,0.1458383650317729,0.5680677307627947
06191000,5,44.9923444,-110.690975,0.15176206766678196,-0.29136141435727947
06191500,5,45.1121194,-110.7936667,0.137792264824506,0.011643148085808864
06195600,5,45.7383611,-110.4794694,0.22482083781960677,0.3878710741749306
06205000,5,45.53674167,-109.4220556,0.12722448269923284,0.10510259904592356
06207500,5,45.0099111,-109.0653667,0.12038078999167334,0.5334875700481382
06208500,5,45.46571389,-108.8441056,0.10979027127256945,0.5515218246939044
06218500,5,43.57856415,-109.7598835,0.13451997229400992,-0.27712407911877707
06224000,5,43.1766111,-109.2025556,0.14679989636987303,0.01598514682970671
06279940,5,44.4714444,-109.4183528,0.14019724557034147,0.25600586389664054
06281000,5,44.41907987,-109.2579755,0.16432795846738468,-0.031691480236930684
06294000,4,45.7356861,-107.5574694,0.3221633312307731,0.6172660225736052
06309200,4,43.57773999,-107.1383995,0.28082211107895844,0.42107482577088357
06318500,4,44.33275055,-106.7772735,0.2816074736628641,-0.10921961388681227
06331000,4,48.2844683,-103.5729718,0.6675304621058353,-0.6133597507646553
06334500,4,45.5481343,-103.9712386,0.543134789789866,-1.2724997259774777
06336000,4,46.91684167,-103.53228333,0.42915150217799986,-0.3888780152115234
06337000,4,47.59140556,-103.2526667,0.45505802754460684,-0.7411717402887403
06339100,4,47.2361259,-102.7699074,0.6609953923107856,-2.3966953531659563
06339500,4,47.1543948,-102.0599856,0.5004328079505507,-0.5592170454375088
06340000,4,47.2861188,-101.925726,0.5194489948538287,-0.6444015257966559
06349000,4,46.8338827,-100.9745789,3.322402878883728,-0.4917249566133968
06350000,4,46.42667116,-102.5518303,0.7655246059940924,-0.8866842141479662
06353000,4,46.09166988,-101.333742,0.5675426123272393,-0.2881376401920328
06354000,4,46.3761111,-100.9344444,0.47832528612123926,-0.18231733319823074
06354580,4,46.2685687,-100.2526914,0.5661993810313223,0.005051600657993077
06355500,4,45.80222,-102.3623795,3.86796851937286,-0.8982097532720684
06356500,4,45.6486883,-102.6433259,0.4664592794571257,0.1664513357115745
06359500,4,45.19775826,-102.1565472,0.4995394198682043,-0.23344845051353108
06360500,4,45.2558171,-100.8429214,0.44633300145430393,-0.34621779271344005
06395000,4,43.3055286,-103.8210312,0.4715355116002233,-0.3661457612448173
06400000,4,43.2399736,-103.5882519,0.7590118940936275,-0.4505686681301302
06400875,4,43.18803166,-103.2265866,1.5399658935194833,-0.7318661138594353
06402000,4,43.43053476,-103.4763069,1.5722546609955985,0.31716887517070896
06402500,4,43.4666495,-103.3060308,0.6574014762733551,0.9293313780864734
06404000,4,43.87164727,-103.3363029,0.666180402853322,0.2536093403056291
06404998,4,43.76110028,-103.3640816,0.6322460129142926,-0.0779496552516291
06406000,4,43.82804586,-103.1960211,0.765670848266342,-0.020762454963959107
06406500,4,43.72543145,-102.9061231,0.694100156695856,-0.14716541738460617
06407500,4,43.97871038,-103.3460469,0.5407479084888759,0.3820774791134483
06409000,4,44.01359238,-103.8304784,0.3749771136691047,1.0168932101118422
06411500,4,44.07665378,-103.482134,0.964307060132104,0.16426438373252297
06422500,4,44.1443339,-103.4545385,0.6148283073750387,0.9508987555975855
06423010,4,44.131654,-103.2987949,1.0375622003626845,-1.0750124642585368
06423500,4,44.08109849,-102.4012746,1.3111965898060811,-0.019498711262152957
06425500,4,44.24831768,-102.5032217,0.9237188655354579,-0.9684270800961385
06426500,4,44.32188385,-104.9406108,0.43940196885075067,-0.05852300460198811
06430500,4,44.5718625,-104.0536449,0.5144757076810333,0.29785977050528334
06430800,4,44.32749778,-103.894532,0.5139364542724061,0.06935296445571852
06430850,4,44.3496865,-103.9359118,0.24393461552117024,1.6179650672344312
06433000,4,44.66720665,-103.8393696,0.4659925860082387,0.7406419719341
06437020,4,44.3355403,-103.6354716,0.45204776767267574,0.25675397665861355
06439000,4,44.74304495,-102.0534948,0.5880784812451021,-0.5229937603521546
06440200,4,43.9690175,-101.767229,0.5225005119825946,0.41459728694887343
06441000,4,44.0672095,-101.1608623,0.5529521872338166,-0.5554247369897649
06441500,4,44.32662738,-100.3843468,0.4177268867683298,-0.38831098927028856
06445685,4,43.013036,-102.8357327,0.49223683896775694,-0.25594151662119907
06446000,4,43.25484357,-102.8273511,0.41816808976798725,-0.32155272197694723
06446500,4,43.69388346,-101.9326516,0.28618170149922295,-0.5970644641474873
06446700,4,43.53666558,-101.7985923,0.3697158812428028,0.6023471964178859
06447000,4,43.7524949,-101.5248665,0.24878436881723845,-0.34466638316367065
06447500,4,43.1669155,-101.6327322,0.3744354471105702,0.4939907870248109
06449100,4,43.10069918,-101.232234,0.33908753395556446,1.1166543180076507
06449500,4,43.3255586,-100.8837556,0.3399099309101997,0.7971078979796193
06450500,4,43.60138549,-100.7498608,0.3896479318285961,0.45424312623739643
06452000,4,43.74832745,-99.5564948,0.3092285610067078,0.0320804857126606
06452320,4,43.3272192,-98.9706446,0.7554411733395258,0.19498278157337426
06453600,4,42.81086111,-98.17539722,0.5330000651112278,-0.477747542704404
06463500,4,42.68963611,-99.67944722,0.34655739699059646,0.5689311735425382
06464500,4,43.0270872,-99.780921,0.376520009936231,0.0707205722316264
06466400,4,42.61573056,-97.87807222,0.42560206453937477,0.11231639446909411
06466500,4,42.73210833,-97.92254722,0.5436772137587943,0.01499800886442343
06468170,4,47.5580525,-98.862885,0.7821518212340385,-1.0079356790585263
06468250,4,47.3997189,-98.7976057,0.7743605879964106,-0.7816783588802945
06469400,4,47.1674635,-98.9690423,0.6676517492037548,-0.602906934937835
06470000,4,46.8897222,-98.6816667,2.4556172867514103,-0.5184845842969228
06471200,4,45.93886156,-98.4526004,0.690277196576847,-0.3867460945791122
06471500,4,45.6560866,-98.4970402,0.7635393624938726,-0.3956087435677739
06471800,4,45.51919906,-98.577541,1.062043992074392,0.2256899085379413
06473000,4,44.99830768,-98.480927,0.520019926969798,-0.08479298281088793
06475000,4,44.91053097,-98.4720386,0.519285044407616,0.09634015099642705
06477000,4,43.9738721,-98.070916,0.5703267606867938,-0.1445813289313356
06477500,4,43.77640219,-98.2456658,1.0141134263317655,-0.9302042982584624
06478690,4,43.415639,-97.204861,0.6549305619932352,-0.5103730303508315
06479215,4,45.18079549,-97.1861904,0.56555370812768,-0.3240800878737659
06479438,4,45.0060753,-97.1650756,0.5766215047442713,-0.5625260623214213
06479500,4,44.94246436,-97.1461856,0.4958708370927275,-0.030303631798098578
06479525,4,44.7315478,-97.0446518,0.3619447040875449,-0.18246233047066054
06479770,4,44.4675224,-96.8874204,0.31005009108677273,-0.17885811633968954
06480000,4,44.1802473,-96.749496,0.4824136389417753,-0.24016067478785874
06481000,4,43.79044595,-96.7456623,0.4198092683436162,0.16448250315367485
06481480,4,43.8481959,-96.8368313,0.487566225897439,0.09703672698753057
06481500,4,43.53358676,-96.7908849,0.5264697511797509,-0.251933150971776
06483290,4,43.42313889,-96.1649167,0.49161803211715355,0.27396423054405505
06483500,4,43.2150833,-96.2950278,0.4970586046364055,-0.0357285371615403
06485500,4,42.8375091,-96.5619306,0.44669906063993225,-0.007146685903328997
06600100,4,42.98280556,-96.0003333,0.5828001818960868,0.06467092067058423
06600900,4,42.14819167,-96.48358056,0.6274490896958589,-0.6436444407033304
06601000,4,42.32140833,-96.48793056,0.4971404858454115,-0.3311306025954574
06605000,4,43.12766667,-95.2104444,0.4219664379700673,0.0045927469969149195
06623800,5,41.02356508,-106.8248049,0.1534587988570107,-0.34890424799501324
06634620,6,41.96105917,-106.2092391,2.98922785266675,-1.7260368655175973
06709000,6,39.43831639,-104.98306724,0.40115675278051954,0.18096468763041226
06712000,6,39.3558234,-104.7633092,0.6022849111516555,-0.05975222912506546
06714800,5,39.68720955,-105.7002821,0.21348383738237006,-0.5263181665649309
06715000,6,39.7519319,-105.661947,0.2984444971400909,-0.3833892639139534
06718550,6,39.74887674,-105.3997159,0.29298047374846675,0.1619191915874837
06769525,4,40.72898611,-99.39861667,0.4945959001885067,-0.14421719660107063
06772898,4,41.29734722,-97.71403056,0.7659900475251397,-0.753521574598165
06773500,4,41.32923333,-97.67545,0.5536306366758282,-1.2309613377936373
06775500,4,41.83110278,-100.10086667,0.10992361201473537,2.2100747780442362
06784000,4,41.03232778,-98.74045556,0.40692561615206957,0.6123998134392213
06785000,4,41.20394444,-98.44635833,0.2613853777847762,0.6323313387166836
06786000,4,41.77693333,-99.37970278,0.18968101066039844,1.847572764313022
06790500,4,41.26334596,-98.449236,0.2911053209295416,1.269258021181719
06793000,4,41.41751389,-97.722925,0.34070845110960063,1.3559812922407153
06794000,4,41.44065833,-97.73466667,0.3543075065803707,0.5912114317048444
06794650,4,41.35194444,-97.4033333,0.5193594272827511,-0.30500484784698556
06795500,4,41.52596389,-97.28159722,0.35449195774774095,0.04801452674617241
06797500,4,42.26858333,-98.33955556,0.47546546703833464,-0.022608969440318722
06799000,4,42.00377778,-97.4260278,0.36678843597805283,0.12792136583338629
06799315,4,41.99499444,-97.05880556,0.3562481294944668,1.6325285891384367
06799350,4,41.83963611,-96.72741111,0.35280884367649645,0.12216324198345065
06803510,4,40.893219,-96.681672,0.4311257597456391,0.21055735897056224
06803520,4,40.857167,-96.595128,0.4673468932937303,-0.7023245860507432
06803530,4,41.015853,-96.544561,0.41722469177703336,-0.2779574335012422
06813000,4,40.33941667,-95.4068333,0.33663082333884103,-2.144023190521664
06814000,4,39.9477773,-96.1086149,0.3666830194982962,-0.5456617295525465
06817000,4,40.7432222,-95.0145278,0.34486551573171875,-0.6744635627249278
06819185,4,40.6609722,-94.7163056,0.3111937436620114,-2.4928150448927453
06821500,4,40.017733,-101.995956,0.9975462747874015,-0.21800777511999075
06823500,6,40.039253,-101.866506,0.316809360748186,1.1286974185930894
06824500,4,40.033783,-101.543058,0.5831346726061516,0.1649056950232208
06827500,4,40.00986667,-101.54238056,3.8702970195338477,-0.6417023958349156
06836500,4,40.14583333,-100.67386667,0.6331697169535306,-0.33153448756941356
06845110,4,40.0016,-99.9924889,0.6249355196161225,0.016501318938320162
06846500,4,39.98500557,-100.560148,0.676110205975355,-0.6248797381008458
06847000,4,40.1200068,-99.8934566,0.8470382690221331,-0.13962989893507016
06847500,4,40.11849167,-99.51707222,0.590560566970673,0.4809298899266959
06847900,4,39.769727,-100.1006875,0.752393797602351,-0.1789038203429805
06853800,4,39.89918,-98.2503276,0.43902304223456107,-0.20346760043008735
06860000,4,38.7947354,-100.8584796,0.9351769445163953,-0.5995245631245564
06861000,4,38.80778889,-100.0222667,0.7134644060869085,0.04798429625976445
06863500,4,38.852234,-99.3181589,0.4999866927064453,-0.04625315350844214
06864500,4,38.72667589,-98.2336684,3.472154813203111,-1.4377031179512432
06866900,4,39.1061861,-99.86955,7.0554853603828525,-1.6705519826408548
06867000,4,38.9658611,-98.8540917,0.6495497619093962,-0.32167905991200946
06869500,4,39.0037861,-97.8733944,4.097612120062475,-1.8345610206644276
06869950,4,38.8444476,-97.6683699,0.45862523092347085,-0.4921162987987471
06871000,4,39.67284444,-99.3092389,0.676142722956549,-0.36651785250530156
06871500,4,39.56028889,-99.2855722,0.7056949302768084,-0.19176437902674387
06873000,4,39.37667456,-99.5801096,0.7679287057046545,-0.42673152153052774
06878000,4,39.031109,-97.0402922,0.3509400699336135,-0.4285282430100132
06884200,4,39.81361476,-97.0375267,0.31369773905186427,-0.7297587291608724
06885500,4,39.68194349,-96.4427888,0.35180156398066786,-0.14201820223714698
06888000,4,39.34777386,-96.2174979,0.3837825283598636,-0.8198964839434486
06888500,4,39.06472106,-96.1691605,0.36360607203652895,-0.5362337075543133
06889200,4,39.23833024,-95.8885992,0.33546237452388544,0.5369499707949427
06890100,4,39.5213873,-95.532756,0.2657210810122072,-0.8886525345240391
06892000,4,39.1163912,-95.0108006,0.3159091379005646,0.08956961845372735
06895000,4,39.33266389,-93.98,0.32603257348135334,0.4382996539085325
06896000,4,39.34325,-93.4855361,0.20851651970638796,-0.32911580956153236
06897500,4,39.9269517,-93.9427225,0.22610529807071475,-0.2667727618563617
06899500,4,40.06930556,-93.6380278,0.2966741611582919,-0.6297067541133977
06903400,2,40.9519722,-93.2598889,0.31588269017880943,0.07008261087919981
06903700,2,40.80044444,-93.1926861,0.34915195955310613,0.04776412986474257
06906800,4,38.70225,-92.9788333,0.26694085122799416,-0.38162857172785636
06910230,4,38.92775,-92.3399444,0.2641427041237498,-0.47078653726233916
06910750,4,38.52902778,-92.1920278,0.20995394768864958,-0.31181575397627215
06911490,4,38.60139907,-95.6847068,0.4203302676208015,-0.9021624193562031
06911900,4,38.7091737,-95.8383205,0.34114675856612875,0.04811158159859494
06917240,4,37.83559565,-94.981361,0.27118626039136806,0.2122054350367832
06917630,4,37.5353611,-94.5580833,0.37643687521828006,-1.5583208462625215
06918440,4,37.44313889,-93.6848889,0.3924198199082521,-0.47761754530896133
06918460,4,37.4023611,-93.8020278,0.3747109056024224,0.2249733266472705
06919500,4,37.83405556,-93.8754722,0.3302271339186943,-0.646596137270792
06921070,4,37.68266667,-93.3703333,0.22433703454308818,-0.6429776202806374
06921200,2,37.7504722,-93.2661944,0.2735647036638558,0.019722262963727318
06923250,2,37.68430556,-92.9246389,0.2823877676698655,-0.25110024623128746
06923940,2,37.8633333,-92.8980556,0.21350668175125034,0.08830424541773833
06923950,4,37.93694444,-92.8513611,0.29412613759293177,-0.46481422968823993
06927000,2,38.43180556,-91.9886111,0.22353185147642898,0.15427725015287744
06928000,4,37.75913889,-92.4520278,0.3523502822264125,-0.5688891060948288
06928300,2,37.6010833,-92.2338056,0.29175110801368587,-0.27002446831570626
06928420,2,37.79194444,-92.1833333,0.23978992292129583,0.09235295956941231
06930000,2,37.66563889,-92.0499167,0.33989261706866186,-0.2124243333213742
06930060,2,37.76025,-92.0579722,0.3498999831845828,-0.19006251880406788
06932000,2,37.90952778,-91.9033333,0.3744835603975208,-0.46421661807523273
06933500,2,37.92991667,-91.9773333,0.32215715946728274,-0.1559116504631587
06934000,2,38.38880556,-91.8198889,0.3049696631894979,-0.12083629440186455
07010350,2,37.8291472,-91.4374833,0.5095662379858491,-1.0585049975171945
07013000,2,37.9984722,-91.3609444,0.34276462947383973,-0.5505735081096491
07015720,2,38.14691667,-91.5808889,0.23254304938096917,-0.12801472326453853
07025400,2,36.40533398,-88.8547618,0.2013081820889703,0.4090535724925885
07030240,2,35.3109497,-89.6395599,0.22355516355507787,0.023435057370614246
07030500,2,35.05425748,-89.5411896,0.29520684713762596,-0.5522014206802206
07035800,2,37.50241667,-90.4578889,0.2781552161889553,0.042780218791382066
07036100,2,37.3845,-90.4738611,0.25214654046154633,0.21800867018955253
07037500,2,37.19452778,-90.5033056,0.24989993726180065,-0.10682376946935213
07050152,4,36.5809722,-93.8336944,0.29204629001122057,-0.6700249799371216
07050500,4,36.4272222,-93.6208333,0.30560474410316496,-0.24732863463521187
07050700,4,37.1499722,-93.2033889,0.3080192576129911,-0.7557154390121131
07052345,4,36.97488889,-93.3278889,0.38974935147620576,-0.613543962288699
07052820,4,36.75075,-93.6187778,0.32647520659973683,-0.3322294912801049
07053810,4,36.71775,-93.2068056,0.32608530763166166,-0.7152932861358052
07054080,4,36.77963889,-92.9072778,0.4271651769802648,-1.1991108317913692
07056000,4,35.98305556,-92.7472222,0.3003682635024127,-0.26617174565921864
07064440,2,37.44791667,-91.6713611,0.5213995259301206,-1.4143710688812747
07064533,2,37.37569444,-91.5528056,0.5002663323592985,-0.4560710840013313
07065200,2,37.05652778,-91.6680278,0.29530763988868086,-0.7183010669025354
07065495,2,37.14816667,-91.4430833,0.3488857838211716,-0.31498200388299147
07066000,2,37.1540833,-91.3581667,0.3766004495596872,-0.3350643655331523
07067000,2,36.99138889,-91.0135,0.34030456335871617,-0.1823100354337273
07068000,2,36.6215,-90.8463889,0.32929015731459627,-0.2490683158868572
07069305,2,36.3136111,-91.4827778,0.35471428318163756,-0.15740433282455477
07071500,2,36.64869444,-91.2008333,0.44550748988245387,-0.3342295775205243
07072000,2,36.34638889,-91.1141667,0.35361308507500044,0.6657087122754047
07124200,6,37.12946459,-104.6399888,0.3621195432764596,-0.34194870181025555
07128500,6,38.0342222,-103.2014167,0.482741393422502,0.6247152661041456
07140850,4,38.2066829,-99.6434539,0.8717448183445828,-2.1991390911857156
07141200,4,38.20758889,-99.405775,2.8256555346607843,-4.884749905921018
07141780,4,38.47721389,-99.4375472,0.49834987406372866,-0.8660366548585352
07141900,4,38.46170278,-99.0144361,0.4623494919228946,-0.6025107626831803
07142300,4,37.8715361,-98.8758056,0.7336746199262767,0.1880323356891747
07142575,4,38.09363056,-98.5461389,0.6115597789763125,0.7764288853242417
07143672,4,38.02853056,-97.5405417,0.3638099303014083,-1.0174415994731263
07145200,4,37.561683,-97.8531094,0.3953228016496861,-0.4633088108363868
07145700,4,37.24946707,-97.4036569,0.4019288273440326,-0.7150032322870761
07148400,4,36.81503056,-98.6481395,0.40205201053229067,-0.0897937399978674
07149000,4,37.03890556,-98.4701556,0.3612587847035614,-0.44207496219417064
07151000,4,36.6719792,-97.3094887,0.3993183658001634,-0.555982975428792
07151500,4,37.12868889,-97.6015694,0.41930763765052004,-0.7969528823646432
07152000,4,36.8114211,-97.277265,0.39662932950760316,-0.5416708044407246
07156900,7,37.0111372,-100.4918171,0.7228602956969259,0.2944338327009404
07157500,7,37.032528,-100.2112531,0.8408390120434166,-0.11518377082704305
07157950,4,36.85197484,-99.315387,0.5647056321594807,-0.27626744853603075
07158000,4,36.51725644,-98.8795366,0.5138056662971597,-0.6301346142890939
07159100,4,35.95170756,-97.9144994,0.40308839005961683,-0.18591225895249927
07161450,4,35.9858927,-96.9122504,0.3477483526759057,-0.0856296830018449
07165562,4,36.01704297,-95.8488777,0.24555686160825763,-0.23838346505529417
07166500,4,37.5297764,-95.674703,2.2753564896418856,-0.7415771489497177
07169500,4,37.50796389,-95.8334222,2.792779819721685,-0.19404051533573766
07184000,4,37.28116187,-95.0327471,0.38845597149399314,0.15162145059776036
07185700,4,37.15027778,-94.0613889,0.33984515219430234,-0.14324328226786037
07185765,4,37.18863889,-94.3259167,0.37649396332671203,-0.4778958524348403
07185910,4,37.25888889,-94.435,0.2524278466185114,0.12749965293007107
07187000,4,37.0205833,-94.51375,0.3817291097600301,0.027290961066311757
07188653,4,36.6158611,-94.1822222,0.4208586211120565,-0.9234970945206412
07188885,4,36.59927778,-94.4496389,0.3822724870286124,-0.9104404748236101
07189100,4,36.67080556,-94.604,0.44709253945984495,0.4259131648031589
07197000,4,35.9216222,-94.8372472,0.3585272341695388,-0.6562235159738187
07203000,6,36.68102778,-104.7863944,0.5516157239767134,-0.7353075081621191
07211500,6,36.29756944,-104.4954722,0.43199910823730947,0.9370967256166062
07215500,6,35.94511667,-105.2557333,0.3698329254626306,-1.00452018606487
07216500,6,35.8908722,-105.1636194,0.4247066911506173,0.07520727824386643
07221500,6,35.6548333,-104.3786111,0.5071217036672839,0.01373407999600135
07227100,6,35.3443861,-103.3896056,0.3053380302271774,0.057786575424532326
07233500,7,36.20225497,-101.305993,0.7835202743938479,-1.2010347144463942
07234000,7,36.82224819,-100.5193158,1.2283089207406575,-0.9479782893294796
07238000,4,36.18337277,-98.9212057,4.330895126270396,-2.536986298104543
07239500,4,35.56310656,-97.9575498,3.520300042310635,-2.9313197944859177
07252000,4,35.57694444,-94.0152778,0.29290602034813623,-0.5696495272387536
07260500,4,35.0586111,-93.3955556,1.5641465043147498,-0.8812366309956575
07261500,4,34.8725,-93.6572222,0.31528741748853306,-0.07179528912376971
07268000,2,34.4825,-89.2244444,0.24620352298621948,-0.221974435067523
07274000,2,34.2733333,-89.5213889,0.2652941788424847,0.5270978551504805
07282000,2,33.8386111,-89.3155556,0.24751663861416787,-0.1905019425279772
07289350,2,33.19444444,-89.7711111,0.23085454674528713,-0.06773216645292889
07290000,2,32.34777778,-90.6969444,0.2330148285008178,0.07785798276254494
07292500,2,31.3247222,-91.1094444,0.28704142791221515,-0.8971128092460733
07295000,2,31.22694444,-91.2955556,0.24696316183212152,-0.9891110181879493
07295500,7,34.84867146,-102.1760295,0.886858473390294,-1.2215947522955606
07299890,7,34.93560669,-100.6965246,0.8122303076062367,-0.38365855219932543
07300000,4,34.95755294,-100.220949,0.43737732032993193,0.5410259172490502
07300500,7,34.85839374,-99.5087007,0.5576626155804277,-0.5391632724379809
07301410,7,35.47310419,-100.1209501,0.5156774963863812,-0.3170129044403077
07301500,7,35.16810838,-99.5073128,0.5411350162737675,-0.31976050598554934
07308200,7,34.1795833,-99.3233333,0.46635358377407504,-0.5794971936521318
07311500,7,34.22092454,-98.4531104,0.44659671039534116,-0.21694357628100766
07316500,7,35.62643705,-99.6684386,0.751086897201642,0.1769836474811237
07325000,4,35.5308832,-98.9670296,0.4185769938363854,0.7999861256441829
07332500,4,33.99704088,-96.2410985,0.31379664987120315,0.026144954362279798
07337900,4,34.09760677,-94.9021667,0.23766058551287825,-0.0783638727034873
07340500,4,34.045,-94.2125,3.372574987305133,-2.0551075196306376
07343000,4,33.47483009,-95.5877347,0.22511916217417868,-1.1364336487212707
07346045,4,32.7779173,-94.3574153,0.38995233694613923,-0.6283173217974786
07349000,4,32.59759468,-93.3320309,0.3573485396778854,-0.35915611491931637
07369500,2,32.43208704,-91.36678139,0.11465573059023257,-0.19676951986886643
07372200,4,31.7543363,-92.3445833,0.3522864717520584,-0.3959264462292215
07375000,2,30.6160223,-90.2486954,0.4079239461603012,0.07823134794856366
07375500,2,30.50658047,-90.3617524,0.3238298248734167,-0.09574990061849897
07375800,2,30.93073559,-90.6734317,0.4495686828123917,-0.0038795737267212026
07375960,2,30.68629707,-90.6431509,0.3147379639840588,1.1628168483325054
07376000,2,30.5038016,-90.6773163,0.3155178510096539,-0.31637084143761995
07376500,2,30.50435795,-90.545924,0.25183951598303617,0.3170958523448129
07377000,2,30.8890694,-90.8445454,0.36868853384633016,-0.21772817828299182
07378500,2,30.464079,-90.99038,0.3060767433346423,-0.2175760975983617
08013000,4,30.99666667,-92.6736111,0.33745818498105085,-0.42564331008866463
08013500,4,30.6404757,-92.8140368,0.3231611363807401,-0.6481437461342971
08014500,4,30.69875,-92.8931944,0.36505820865043076,0.01099036720161782
08014800,4,30.81880557,-93.2301619,0.40815593706951103,-0.4531941288670353
08015500,4,30.50255556,-92.9154167,0.3239787827931761,-0.4271647695838358
08017300,4,32.89790085,-96.2533118,0.35193746932556347,-1.1295534838978765
08029500,4,30.81888889,-93.7855556,0.4252473335017286,0.29149808243999387
08031000,4,30.18632045,-93.9085058,0.2815910130657797,-0.04492739486402392
08033900,4,31.86017169,-94.8232697,0.4581709576589665,-0.547282184839592
08038000,4,31.50434957,-94.3043677,0.4238466842683465,-0.38795755485766986
08039100,4,31.39629597,-94.1510289,0.3996897108073797,-0.4539986568773382
08042800,7,33.29333333,-98.079,0.44826028724517303,0.8699088248366553
08048970,4,32.60346909,-97.2650142,0.32956725063306896,-1.0571033444556215
08049700,4,32.5809695,-97.1019533,0.3642593257471439,-0.44364559332532055
08065800,4,30.8847222,-95.7777778,0.4440028255136464,-0.5950795106794601
08066200,4,30.716306,-94.9588237,0.3911807422936355,-0.2842614942002834
08066300,4,30.48138889,-94.7797222,0.46574841730272615,-0.42070292404176846
08068325,4,30.10549526,-95.5466084,0.35090031492978796,0.4435980960392356
08070000,4,30.33659809,-95.1040999,0.5377239309014465,-0.06964819587025203
08070200,4,30.14523056,-95.1246139,0.5564324164078289,0.1737458003380452
08070500,4,30.25965789,-95.3024361,0.4084050126954613,0.5033795471660342
08071000,4,30.2327137,-95.1682662,0.6130003355572856,-0.10457682882937896
08083100,7,32.78760777,-100.3887183,0.6440263202053257,-0.2950896951212672
08086212,7,32.73289717,-99.1406299,0.6095350751645844,-0.03408002949614159
08086290,7,32.64845613,-99.0045146,0.45595953556214014,-0.18215836534563487
08095300,4,31.50933179,-97.365845,0.4940365242635312,-1.337368799016112
08099300,7,32.11402957,-98.6056067,5.5667812487192805,-1.3036278213573473
08101000,4,31.2848902,-97.8850244,0.5029827351417178,-0.6590154368353301
08103800,4,31.0793403,-98.0166919,0.2953422262941174,0.7747336888951444
08104900,4,30.6257499,-97.6911204,0.6034439442990143,-0.4753648395336157
08109700,4,30.33937764,-96.9047037,0.7026864232348501,-0.3471840723773193
08110100,4,30.41965196,-96.5402466,0.5125860634583168,-0.5519958318705157
08111700,4,29.88106145,-96.2052402,0.5552587438493136,-1.1140051923755012
08120500,7,32.57372368,-100.9078941,0.4753598350356644,0.20052690877047538
08127000,7,31.74931697,-99.9478636,0.4058771185270653,0.26195630954192367
08128000,7,31.18711186,-100.5020388,1.029010935306948,-0.3062185455021751
08128400,7,31.42738264,-100.7112125,1.0382115225128263,-1.9130661121970407
08130500,7,31.27405465,-100.6309318,0.8485567271284553,0.009741840686613714
08131400,7,31.30905356,-100.4459254,1.0935325030220857,-0.2951214980750078
08133500,7,31.83013918,-100.9937215,0.7639434555140507,-0.43416195055359996
08134000,7,31.5926549,-100.6370449,0.9407577306582686,-1.057055477422152
08144500,7,30.91907405,-99.785643,4.419794637138284,-3.2268867379599206
08145000,7,31.1382357,-99.3350754,0.44522862108639294,0.7377544005413549
08146000,7,31.21322316,-98.7194871,5.86493207276613,-2.2049549661053995
08148500,7,30.5174101,-99.806179,0.921839658267952,-0.6877181989365729
08150000,7,30.50435487,-99.7345097,5.311199421007928,-1.8916595993723333
08150700,7,30.66073685,-99.1092185,0.7798359550411936,-0.3830062419714703
08150800,7,30.64351548,-99.0958848,0.646236846731815,-0.5776185384217414
08151500,7,30.7513041,-98.6697773,0.6464754026213321,-0.3826037447534374
08152000,7,30.5576991,-98.472271,0.5871149363474596,-0.551658786275848
08152900,7,30.22048584,-98.8697812,0.7360051294345181,-0.47745170111239216
08153500,7,30.29187379,-98.3994904,0.6948247630719278,-1.1108168642146508
08155200,7,30.29631587,-97.925565,0.7177941548188712,-0.64951427460105
08155300,7,30.24465306,-97.8022283,0.753044784427454,-0.7246294908185602
08158700,7,30.08298924,-98.0077859,1.079896582143696,-1.6212461888588654
08158840,7,30.20909967,-97.90336492,0.8457201491235694,-1.2956971752024127
08160800,4,29.79911967,-96.5321933,0.43705054036513175,-1.389080809992149
08163500,4,29.4432973,-96.9449819,0.45105486962629004,-0.14771858211527078
08164000,4,28.95998449,-96.6863668,0.42994762191766783,-0.07035693861689497
08164300,4,29.466908,-96.812756,0.4736908831350811,-0.7223669785695889
08164390,4,29.06553568,-96.6741434,0.35023256986498785,-0.5055083752670761
08164600,4,28.8913759,-96.8191486,0.5057129498624086,-0.8686658410022046
08165500,7,30.06993074,-99.3217122,0.9897818713933465,-0.34182937977634165
08167000,7,29.96523889,-98.8971667,0.750370454556137,-0.40062743451595156
08167500,7,29.8604957,-98.3836275,0.7358700793241637,-1.475689554587612
08171000,7,29.99438343,-98.088925,0.7554847906964791,-0.6472715179686697
08175000,4,29.2152475,-97.4494353,0.6777795121901137,-0.13127695272343218
08176900,4,28.86165308,-97.2263791,0.7633588319017175,-1.0569618266602596
08178880,7,29.72383537,-99.070035,0.8768107563898544,-0.2468200618904616
08189200,4,28.30360538,-97.1125039,0.5511739827003851,-0.8365270662461246
08189500,4,28.29193875,-97.2791751,0.6280221003655554,-1.002394788724626
08189700,4,28.28249389,-97.6208513,0.6423599678130458,-0.1012808332804872
08190000,7,29.42856679,-99.997287,0.9137078590636966,-0.4237585884116592
08190500,7,29.48108333,-100.2391667,1.8327983220268935,-0.39029346898291767
08192000,7,29.12385015,-99.8948062,1.3024318566613506,-0.7046685302409197
08194000,4,28.42637889,-99.2400322,0.43515162500830484,0.4768895634008947
08195000,7,29.48856496,-99.7047756,0.8853467862488559,-0.49778487381687847
08196000,7,29.50467576,-99.7814452,0.9986665420898789,-0.6721026940638472
08197500,4,29.2457934,-99.6744978,0.8505334995855381,-1.444401868207461
08198500,7,29.31430556,-99.4804722,1.2347715466155034,-0.8558678750503571
08200000,7,29.57003056,-99.2476889,0.9230542050508515,-0.7781309508457778
08200720,7,29.3761111,-99.1166667,1.6493089873402105,-0.653292871195487
08201500,7,29.573284,-99.4030997,0.9897489236687893,-0.31056682226839505
08202700,4,29.37078917,-99.2878185,0.8097017992668409,-1.4037440291494956
08205500,4,28.73664429,-99.1447556,0.6511611886825419,-0.31967122368250445
08206600,4,28.46749279,-98.5475174,0.7335149358424498,-0.8657037113119003
08208000,4,28.62220899,-98.2813988,0.5319983359416484,-0.0820423115213948
08212400,4,27.26448618,-98.1358378,0.9000556210954508,-0.8696265842220994
08279000,6,36.21085556,-105.9136306,0.3489652451672964,-0.7843423342267325
08289000,6,36.34974167,-106.04418611,0.28045142832242914,-0.2149546625871162
08290000,6,36.07355556,-106.1116944,0.9236268036545346,0.021985650316696415
08324000,6,35.6619833,-106.7434389,0.3123727476378625,-0.28249939229816684
08353000,6,34.41027778,-106.8544444,0.4263682779740181,-0.08178947796357938
08378500,6,35.70835,-105.6827028,0.31157530306588543,-0.13972238261467806
08379500,6,35.17866944,-105.1088028,0.33993104489489695,-0.010890118955297581
08380500,6,35.65199444,-105.3188306,0.5289600813154043,0.053476283704230645
08382500,6,35.1819611,-104.9002667,0.465671917627627,-0.7079270941200572
08383500,7,34.7300833,-104.5249111,2.530420985045595,-2.203177247856125
08387000,6,33.32669167,-105.6253333,0.46741277147929056,1.2114872611315957
08390500,6,33.34916667,-104.8516667,0.7076633131366267,-0.19013317760740833
08398500,6,32.7434472,-104.4141306,1.2556879322270653,-0.7870429793663337
08400000,6,32.67268889,-104.3689694,1.0810774963585243,-0.567850483533742
08401900,6,32.50608056,-104.3749889,0.9079564731697226,-0.8498620924456322
08405105,6,32.29043056,-104.3491667,1.0034259789647646,0.28551493663185756
08405150,6,32.40333333,-104.2294444,1.101914205025955,-0.7171158937334161
08405500,6,32.22908889,-104.1518528,0.7770715034042789,-0.45077822014668895
08408500,6,32.02314167,-104.0544556,0.6353588777098609,0.11340149146599383
08447020,7,30.45075,-101.7319167,0.98756447266839,0.07749974083094571
09010500,6,40.32581784,-105.8566791,1.3065639471355959,-0.8897106725455717
09024000,6,39.89998695,-105.7766741,0.1699293679065342,0.19294219711920474
09026500,6,39.90998657,-105.8783451,2.338181129383341,-1.5660718511691005
09036000,6,39.833875,-106.0564079,1.501903776729581,-5.1823933793795565
09047500,5,39.6053611,-105.9431306,0.18257528783909693,-0.6945035304437445
09050100,5,39.57526424,-106.1105765,0.1577980684987435,-0.501158313600904
09051050,6,39.6397087,-106.040296,0.2351967325466062,-0.17806728742906452
09059500,5,39.7957222,-106.5743472,0.167528772453251,-0.4967853475865564
09081600,5,39.23263889,-107.2275,0.13785529674590588,-0.062266358136014034
09107000,5,38.86027127,-106.5666966,0.1811583319417062,-0.7336451747245626
09110000,5,38.66443715,-106.8453172,1.4601267207643982,-0.5004524241269217
09112500,5,38.66443715,-106.848095,0.18161154123996728,-0.2865424240398419
09114500,5,38.54193567,-106.9497661,0.21220604060698414,-0.46002619065915207
09119000,5,38.5211111,-106.9409583,0.25964445722167917,-0.05137629490899899
09126000,5,38.25819444,-107.5461111,0.1769853490015618,0.5488536189012732
09132500,5,38.9258228,-107.4342211,0.21196074543361068,-0.4405680917064796
09143000,5,38.9847034,-107.8545077,0.24609586636215194,-0.20553934613903857
09147000,5,38.17776806,-107.7583927,0.29562371462255294,0.3918525187730124
09165000,5,37.63888414,-108.06036687,0.19136266107626887,-0.6851370739182167
09166500,5,37.47249579,-108.49760047,0.22938792477379585,-0.43319837180803383
09169500,5,38.3102675,-108.8853805,0.3311986501800975,-0.43300859131293107
09171100,5,38.35692324,-108.83345163,0.3475153134753107,-0.3666483785315824
09180000,5,38.79720805,-109.1951142,2.3887339233678575,-2.1355553816059896
09188500,5,43.0190833,-110.1188611,0.12888853954211277,-0.026638192021679205
09196500,5,43.02705556,-109.7735278,0.10062181655078939,-0.29345052309047753
09205000,5,42.5671427,-109.930196,1.2985830573169899,-1.2575728169342852
09210500,5,42.09580556,-110.4160833,0.23887557675538598,-0.5058998482434882
09213500,5,42.3296,-109.5119,0.48722764958875364,-1.6010459898324887
09217900,5,40.95902778,-110.5797222,0.17674596472973556,-0.3855667512691342
09220000,5,41.0538611,-110.3986389,0.1941250953786652,0.617693196465142
09223000,5,42.11088889,-110.7094167,0.22689438788604224,-0.5175737180688803
09246200,5,40.59163879,-107.3208933,0.21969112148777334,-0.8294890964802136
09253000,5,40.9993969,-107.14342567,0.18573471997212326,-0.4260544635552728
09255000,5,40.9824657,-107.3828391,0.20540477440080537,-0.362556895228802
09257000,5,41.02852778,-107.5488611,1.0518274760164736,-4.445393098342897
09260000,5,40.54901667,-108.42432222,0.22780345789432388,-0.492470341370653
09260050,5,40.45161747,-108.52512937,0.20144305431053866,-0.34638191212138303
09277500,5,40.2997472,-110.6042556,2.3626444553965125,-1.4076156618722637
09279000,5,40.4931111,-110.5772222,0.13082784608214776,-0.4092064976367937
09292500,5,40.51189299,-110.3415491,0.20911125736911043,-0.25659680072676905
09296800,5,40.5913396,-110.1143226,0.31405319346319244,0.17332331019711494
09299500,5,40.5935653,-109.9323739,0.2634269917767625,-0.10732260273803602
09304500,5,40.03359167,-107.86241944,0.1703831339038147,-0.6039273603225278
09306290,5,40.17969335,-108.5653775,0.20844750477280127,-0.429420521115615
09306500,5,39.97885629,-109.1787269,0.19142124475260786,-0.4049900273954046
09314500,5,39.26444444,-110.3427778,0.35739600380476255,-0.30873964963339645
09342500,5,37.26552778,-107.011,0.22265162720275883,1.1976872174189654
09361500,5,37.2791688,-107.8803445,0.1908152133189094,0.5927950208897679
09384000,8,34.31502222,-109.36233056,0.43210714985706883,0.47352306429996394
09385700,8,34.4505935,-109.3623199,0.495481823123806,-0.42536832927906804
09394500,8,34.7825,-110.04395833,0.3469228469177824,-0.3296709247942633
09396100,8,35.18224625,-109.4470509,0.35928219245378096,-0.5178342956301697
09397000,8,34.8978039,-110.1631768,0.33034019951549026,0.33486530186294616
09397300,8,34.90113674,-110.2554013,0.23706027908600644,0.2770969126034066
09400350,8,35.006725,-110.6542806,0.22892859762611922,0.021578719412641993
09401260,8,36.10499334,-111.2018069,0.38540415010812334,-0.9140092847054259
09405500,8,37.2097046,-112.9785512,0.32070420508736,-0.24524588542717046
09406000,8,37.2041494,-113.1807789,0.3071132743142096,0.023881387299477627
09408150,5,37.16276007,-113.3952285,2.4053466549409674,-1.4655529644790184
09415000,8,36.8916437,-113.9244098,0.39729567954595785,0.3021559191228562
09416000,8,36.7110817,-114.6952715,0.5597391775542575,0.9100668160029234
09419000,8,36.64302844,-114.5397075,0.6435092369931589,0.028510153792039875
09424450,8,34.4625286,-113.6243843,0.8473127242010731,-1.3906973310232473
09424900,8,34.3058675,-113.3471532,0.6071763517442368,-0.5456057015525275
09430500,8,33.06150278,-108.5373861,0.5643552301766487,0.13489270414073115
09431500,8,32.72694444,-108.6755556,0.4113076314028301,-0.334305482056732
09432000,8,32.64630833,-108.8468472,0.43722539156347795,-0.18437246707888114
09439000,8,32.72444444,-109.0991667,0.4409889402343034,-0.04135055611365489
09444500,8,33.05604444,-109.2990167,0.5513383508693849,0.10118245180028577
09447000,8,33.06615,-109.444975,0.6281803564001601,-0.18685082770736358
09447800,8,32.9556458,-109.5312047,0.9588101020147818,-0.8605970364780043
09448500,8,32.8827222,-109.4796056,0.4754176326107393,0.1358576536255184
09466500,8,33.18563615,-110.22011421,0.5424580962814235,0.4337737746760132
09468500,8,33.29646536,-110.4515103,0.47394425112693955,-0.35656637922324164
09471380,8,31.63201389,-110.4020472,0.7187183573911108,-2.69561280558586
09471400,8,31.70051389,-110.2275778,0.4795783615933529,0.30477642168405455
09473000,8,32.84467778,-110.6292861,0.38960772873183064,0.3370317112081769
09484000,8,32.3147222,-110.8109167,0.49605874382305476,-0.11899249373462008
09484500,8,32.26425556,-110.8413,0.8130824335974454,-1.026822667311949
09484550,8,31.86555556,-110.57,0.5030042885819618,0.7341719595762923
09484600,8,32.03594255,-110.677618,0.4844184467663398,-0.3746872238083709
09485000,8,32.12976667,-110.6258333,0.6657968685319423,-0.6879362005998851
09485450,8,32.22083056,-110.8289278,0.6275478517924257,-0.8028911706006295
09485700,8,32.27149027,-110.91457064,0.4346538240277473,-1.0692599442664579
09486055,8,32.3027611,-111.011375,0.45169671197156386,-0.7385014281967973
09486350,8,32.33621,-111.0420746,0.4354819602298263,0.06347237463606747
09486800,8,31.83908056,-111.4042667,0.32184238408800614,0.0662188838863016
09487000,8,32.0756601,-111.3387473,0.4427762843053487,-0.8759837926807693
09496500,8,33.98589336,-110.2809554,0.5157961587350121,-0.13570407810112706
09497500,8,33.79811903,-110.49984888,0.4697841743635121,0.16141670170556674
09497980,8,33.8278262,-110.8562266,0.5736176706755279,-0.0963007566146205
09498500,8,33.61916667,-110.92208333,0.505512210701966,0.13655365578093645
09499000,8,33.98005443,-111.30348355,0.5400240164191717,-0.26663369889739874
09503700,8,34.89502016,-112.3429468,0.6353260731881751,-0.03851002577473844
09504000,8,34.8522416,-112.065994,0.5715659945086382,-0.1495375378254996
09504420,8,34.86153889,-111.7619972,0.5380548246348074,-0.515112808968919
09504500,8,34.76446436,-111.8909885,0.4919634000319866,-0.1442089889075775
09505200,8,34.67474409,-111.672094,0.5466787485791932,-0.8468745255247372
09505350,8,34.72863146,-111.775708,0.516358876418772,-0.1486328721751611
09510200,8,33.69422687,-111.54182105,0.5922120547711639,-0.3896102125558414
09512280,8,33.88704167,-111.95419444,0.8098920297321234,-0.44389970745381774
09512800,8,34.01560406,-112.16795193,0.5942751458233922,0.22979676859065454
09516500,8,33.88504881,-112.6621309,0.5567228348019949,-0.29282474733973335
09537200,8,31.59012789,-109.5089722,1.2350065770930236,-0.8881075195891114
09537500,8,31.35285278,-109.5857194,0.5206919392107706,-0.5828296005944907
10011500,5,40.9652079,-110.853539,0.14820980149602023,-0.31215163990607564
10032000,5,42.2932662,-110.8724064,0.18545440022384416,-0.5122436130489336
10109000,5,41.74355,-111.7839806,0.3105334654426897,-1.5944094987684034
10113500,5,41.62400556,-111.7361639,0.319430476413061,-0.13010024187462108
10128500,5,40.7371721,-111.2479652,0.17119544719541502,-0.5051077510988966
10131000,5,40.92050285,-111.4015858,0.33061895747240333,-0.4160932574230635
10132500,5,41.18068056,-111.4004583,2.220005075282428,-3.6574123549004898
10133600,5,40.68803889,-111.5337194,0.18685601328792498,0.5195285768855163
10133650,5,40.7238375,-111.5196438,0.25843466939891446,-0.14287720932456224
10133800,5,40.75966979,-111.5640912,0.2312329310721796,0.28364291425807425
10164500,5,40.4477297,-111.6821472,0.23774663510386398,-0.629677150697123
10166430,5,40.4052063,-112.1005142,0.5115775796367471,1.0330047745865993
10172800,5,40.496313,-112.5744182,0.29402280346100174,-0.15089187741367485
10174500,8,37.65109086,-112.4302069,0.25183087417450317,-0.23086068119932893
10189000,5,38.19636955,-112.1477005,0.788359060670455,-1.0229880145049437
10242000,8,37.67219924,-113.0346702,0.38303572334879654,-0.22306256239554637
10251300,8,35.84944444,-116.2308333,0.7798806249013546,-0.614824286839097
10289000,5,38.19186474,-119.2101533,0.5618989377130175,0.7039638259262819
10291500,5,38.23880787,-119.3259923,0.24897588996903655,0.6186623630565625
10296000,5,38.3796366,-119.4501649,0.24639780520736496,0.3315641212428759
10296500,5,38.51324495,-119.4498872,0.24522152887804152,0.29599947977463725
10308200,5,38.7146274,-119.7648985,0.3492659452281719,0.42931764200839356
10309000,5,38.84519444,-119.7060833,0.3217986843358427,0.5420430217370767
10310000,5,38.76962765,-119.833789,0.33719618965058157,0.4809197527644183
10315500,5,41.2526961,-115.2564468,0.3260836044912024,0.29156384490799275
10316500,5,40.69076057,-115.477003,0.1724435568738374,-0.0076672525226352236
10318500,5,40.93655556,-115.6241667,0.418950911103186,-0.5408806818576445
10319900,5,40.6274972,-115.7305222,0.30867323546765557,-0.5439306597826908
10320000,5,40.6849236,-115.8134002,1.9418190077013118,-2.2008352607927684
10321000,5,40.72769715,-116.009242,0.3767611615698365,-0.23492472021062621
10322000,5,40.71624444,-116.093575,0.5773613404172626,0.3876967177624645
10322500,5,40.60741747,-116.2017444,0.3816918623769951,-0.21070966736526459
10325000,5,40.6676885,-116.9312118,0.3811000309783237,-0.21728808974499736
10327500,5,40.99212549,-117.3176168,0.3984629784857491,0.07498650375598198
10329000,5,41.4158222,-117.373511,1.9998414451392548,-1.3274860954114203
10329500,5,41.5346175,-117.4179047,0.5031542710509148,0.22876944906672048
10333000,5,40.6924048,-118.204312,0.4618511758265269,-0.06415290939817345
10335000,5,40.4674063,-118.3076469,3.042519166183048,0.03775601006775288
103366092,5,38.8485185,-120.0271275,0.3304558019205402,0.2683284020575607
10336610,5,38.9224078,-119.9915706,0.3250025699898389,0.3263809329715557
10336645,5,39.05183077,-120.1185016,0.30097138973573456,-0.10826558260062917
10336660,5,39.107385,-120.1621147,0.36422689281245796,0.33680631635589414
10336676,5,39.13210688,-120.1576705,0.4140781831102191,0.04955406498788917
10336700,5,39.2401855,-119.9449106,0.31950473756480313,-0.04243634739345492
10336730,5,39.08740806,-119.9399057,0.45143526554745167,0.25843918847083525
10336780,5,38.9199077,-119.9724036,0.34260656581036225,0.20652897587453697
10343500,5,39.43154577,-120.2379547,0.44736074095146217,0.08215642868521862
10347310,5,39.5243537,-119.9954782,0.7111656993612266,-0.13276901173261688
10348850,5,39.35435414,-119.8585225,0.49970430649854036,1.499975212603463
10396000,5,42.7908333,-118.8675,0.2725262699772912,-0.4073451438333137
11111500,8,34.5777657,-119.2573347,0.8200621543683796,-0.40244525065636916
11113000,8,34.4416592,-118.9273019,0.6446734937096944,-0.5255951901510425
11113500,8,34.4133295,-119.0823272,0.7469189550446859,-0.5481134225027174
11119500,8,34.40125046,-119.48823248,0.8873057060961469,-0.718949882717423
11140000,8,34.8938596,-120.3065089,0.7116343134238418,-0.8070464963371893
11143000,8,36.24576038,-121.7732293,0.3032566415261152,-0.395925939735443
11143200,8,36.4748611,-121.7288889,0.5135012222942245,-1.100242616576507
11143250,8,36.5390863,-121.880458,0.5718277453426912,-1.2628091353337167
11147500,8,35.6285813,-120.6843373,0.6077076957263446,-1.0238735978064943
11148900,8,35.78857918,-121.0938048,0.43916650079155234,-0.7644863066974203
11149900,8,35.89663404,-121.0882491,0.6449423993436602,-1.678599974465457
11151300,8,36.26802087,-121.066303,0.6822149787820562,-0.5753278620714654
11151870,8,36.23746164,-121.4816027,0.3153448811072921,-0.5966598009983195
11152000,8,36.28052076,-121.3227063,0.38185272021528754,-0.6027883968165719
11152500,8,36.631071,-121.672446,4.392314773987344,0.24395849347196935
11153000,8,36.98,-121.38027778,1.0547951623814924,-2.647266609678011
11157500,8,36.765753,-121.2996128,0.9466946687464344,-0.8419362798640185
11159200,8,36.9393968,-121.7705065,0.46392540210598066,-0.8556989404111884
11160000,5,36.9913389,-121.9557933,0.38719194757878567,-0.6798042747223374
11162570,5,37.32573199,-122.3865927,0.3925100271870625,-1.6219623644821366
11172945,5,37.4974356,-121.7735644,0.26881371507516055,-0.2700816497584492
11180900,5,37.70493008,-122.0438508,0.4194099762610853,-0.6924684418360902
11224500,8,36.21466074,-120.4706956,0.8431636945848011,-0.9587899291117488
11264500,5,37.73130354,-119.5590243,0.22154207955831376,0.2971246417515509
11266500,5,37.71627778,-119.6656667,0.2555637192264698,0.5337289943690329
11348500,5,41.40600116,-120.9277458,0.39540916021127664,-0.33656791272135034
11374000,5,40.50487467,-122.2330577,0.21113123818265245,-0.6811742138138664
11449500,5,38.9273642,-122.8435719,0.27182235532395216,-1.499266096811167
11453500,5,38.7787587,-122.51745,0.29060740453602435,-0.8187293517542557
11458433,5,38.4188004,-122.5627606,0.43708053123359036,-3.253726756229198
11463900,5,38.6409811,-122.7638434,0.1837136392326475,-0.2797987468438911
11467200,5,38.5065363,-123.0696826,0.25018034888754326,-0.912860620697233
11468000,5,39.1704079,-123.6680415,0.35980311878459154,-0.8511586556841323
11475000,5,40.21816919,-123.6325017,0.30326567117366576,-0.19261614875371333
11476500,5,40.18177947,-123.776116,0.28301137121088155,-0.2654816775509029
11477000,5,40.49149394,-124.0997407,0.26794377443533535,-0.25302141191141475
11478500,5,40.480385,-123.8908461,0.20323492107206204,-0.5586612110273455
11481000,5,40.9098217,-124.06058,0.1817261776333427,0.30972703647640243
11482500,5,41.2992896,-124.0511825,0.2648507760396204,-0.6342007014046481
11502500,5,42.564375,-121.8797139,0.2750850343498203,0.32516775656506536
11519500,5,41.64065587,-123.0150092,0.38438091481941916,0.04743694534945654
11521500,5,41.83509438,-123.383078,0.2992279557541474,-0.2453878033718629
11522500,5,41.37648796,-123.4769615,0.3065865899683747,-0.29831161308231485
11530000,5,41.0498236,-123.6736278,3.2539888851266645,-1.4302889159088807
11532500,5,41.7914769,-124.0761515,0.18912257084772482,-0.20198273626727928
12010000,5,46.3739937,-123.743482,0.14985752027296606,-0.33223964720415805
12013500,5,46.65093418,-123.6526584,0.1262100397477825,-0.7648294652945249
12020000,5,46.6173236,-123.277644,0.20383984485381557,0.628508298342377
12025000,5,46.6201042,-122.945126,0.17274854635734768,-0.3839844557616779
12035000,5,47.0006512,-123.4948838,0.16632615004479628,-0.29469223190935645
12043000,5,47.96007697,-124.3929872,0.15500465971010838,0.07431343509222306
12045500,5,48.05478018,-123.5832136,0.9581200473148019,-0.5576020496493614
12048000,5,48.0142578,-123.1326773,0.23071427117518634,-0.5366527291179586
12054000,5,47.68398059,-123.011551,0.182048150031155,-0.5664332768196989
12079000,5,46.85204488,-122.6687354,0.18095339327312898,-0.4608082976952162
12082500,5,46.75260766,-122.0837194,0.240188556988621,-0.16395597347072147
12093500,5,47.0392396,-122.2078708,0.22241233714992273,-0.16066256009402785
12094000,5,47.02788105,-122.0326105,0.22949011965347232,-0.06203500850267208
12095000,5,47.13954628,-122.0926135,0.220166312718155,-0.12811313897327528
12134500,5,47.83732546,-121.6667809,0.21291662773779807,-0.22214183101458831
12144500,5,47.5450765,-121.8423157,0.191193754425959,-0.33178254016531566
12155300,5,47.9348201,-122.0731848,0.18331140560211057,-0.3160247227476544
12167000,5,48.2614637,-122.0476165,0.15074260021885974,-0.36895568458380357
12201500,5,48.54594127,-122.3382169,0.24066842379392825,0.071189163006104
12210000,5,48.6775743,-122.1665191,0.09345002249739427,0.21645545114430415
12210700,5,48.84174,-122.2943049,0.14737277134693888,0.31018382197350275
12213100,5,48.84479237,-122.5893141,0.1486721440345021,0.7085502266179748
12302055,5,48.35560278,-115.31465,0.23089321338823224,0.14099905555742384
12323760,5,46.13366667,-112.9031528,0.18663734287988312,-0.42492999502684187
12330000,5,46.47165278,-113.2357694,0.24246090945490356,0.7639758250638212
12334510,5,46.7223361,-113.683061,0.21053443976769404,-0.7377256248977706
12340000,5,46.8994111,-113.7563194,0.20089849493554687,-0.49906442198713313
12344000,5,45.97205,-114.1412333,0.178495239907451,-0.4121575433094104
12350250,5,46.4432,-114.1237667,0.13222377614781142,-0.35124301672453845
12354500,5,47.30163889,-115.0868694,0.17328647742752218,-0.5810792885213034
12358500,5,48.49551667,-114.0102083,0.16915261233536857,1.517840058908135
12365700,5,48.21725,-114.313736,0.20383968309265926,-0.03944968236290585
12366000,5,48.3201861,-114.2785944,0.14302143747736498,-0.19752668501776408
12370000,5,48.02423056,-113.9788194,0.11133680648321288,-0.12641198531232706
12372000,5,47.6802861,-114.2467278,0.1631878948892598,-1.0784820214094533
12389500,5,47.5918583,-115.229536,0.238343541480966,-0.10055859965684277
12390700,5,47.5860611,-115.3551,0.22244609182717845,0.053733801003590785
12413000,5,47.5722,-116.2528,0.2434810272175017,0.28608416248631274
12414500,5,47.2744444,-116.1888889,0.1777220629659907,-0.06241087334169636
12424000,5,47.6526688,-117.449658,0.28144370918561834,-0.3689369619343934
12431000,5,47.78461388,-117.4043856,0.23306827777778721,-0.42268971102132696
12434590,5,48.08432459,-118.6914018,0.29466973411170466,-0.12121852436550057
12449950,5,48.0773639,-119.9850723,0.1792299433266014,-0.19145341390502402
12451000,5,48.32958017,-120.6917668,0.14795822249225474,0.05841985212100389
12452800,5,47.81846178,-120.4231438,0.15616773539163414,-0.05849503255937004
12459000,5,47.5831447,-120.6195014,0.13606453130941554,0.3122063523078499
13010065,5,44.09888889,-110.6675,0.1519001276470455,-0.5585727099811074
13011500,5,43.8510187,-110.5171751,0.13318033406989055,-0.28866676697253596
13011900,5,43.83805556,-110.4408333,0.09753660246118315,-0.08975910555244891
13014500,5,43.62088889,-110.6230556,0.11769233838158008,0.48187593445738125
13015000,5,43.5572222,-110.7627778,0.23167202272161083,-0.5431803353145948
13016305,5,43.60316667,-110.8058333,0.08037449428809773,0.5624997026396568
13016450,5,43.50076005,-110.8716,0.09615948551423906,0.03242488439765503
13018300,5,43.45213098,-110.7041203,0.2274550730710526,-0.1752693775225693
13018350,5,43.4583611,-110.7970278,0.1011708957213949,-0.06137979680239189
13032500,5,43.3508333,-111.2188889,0.32639741131228633,0.23747793024098465
13037500,5,43.6125,-111.66,0.5773982563212986,-1.224637246495255
13049500,5,44.0183333,-111.5666667,0.1308611588944283,0.46905973588748845
13050500,5,43.96694444,-111.6725,0.2666799368513312,0.8927172273936357
13055000,5,43.9272222,-111.6138889,0.32222172818936107,6.061005278521951
13057940,5,43.44194444,-111.7283333,0.3305861185374432,-0.320392048494189
13068500,5,43.13055556,-112.4766667,0.2389910905171422,-1.631065848420717
13073000,5,42.6247222,-112.0880556,0.29027886201074027,1.4989764687244191
13078000,5,42.0636111,-113.4513889,0.40478846225599246,0.8744346797328643
13082500,5,42.1261111,-113.9355556,0.38492234176539264,0.7686248766558148
13105000,5,41.9447222,-114.688611,0.2926638454994714,-0.21719017997467224
13112000,5,44.00277778,-112.221111,0.32402403103821625,-0.7041280713536222
13116500,5,44.25916667,-112.4102778,0.26953993563674133,0.49819985693672664
13118700,5,44.1386111,-113.2452778,0.16925045329581426,-0.4950316548011407
13119000,5,43.87027778,-113.0880556,0.11750974666323268,-0.14882038690975935
13120500,5,43.9983333,-114.021111,0.19215450622300695,-0.4925619775658035
13147900,5,43.49305556,-114.0572222,0.28559682135504205,-0.28105910530152856
13161500,5,41.9332368,-115.6745268,0.3217024895414987,-0.43787678455710444
13162225,5,41.8904614,-115.4286816,0.22445962240203723,0.33541348136916466
13168500,5,42.7711111,-115.7202778,0.26275293486898094,-0.14437085479190642
13174500,5,41.68879428,-115.8448067,1.1520272435303005,0.4938325877667146
13186000,5,43.4958333,-115.3080556,0.1979813539962275,-0.5094017269725106
13200000,5,43.64805556,-115.9897222,0.28476984514163095,-0.2834696719495539
13235000,5,44.08527778,-115.6222222,0.15628391417896545,-0.20372235165128447
13247500,5,43.943333,-116.196667,1.4075751938508967,-0.8889880217425151
13258500,5,44.5794444,-116.6433333,0.23562691135946584,-0.40089181193612144
13266000,5,44.27,-116.7722222,0.2664530996427275,-0.7905472216558227
13296500,5,44.2683333,-114.7327778,0.17216586988643032,-0.30067835835343176
13297330,5,44.27027778,-114.5166667,0.31581674642289503,-0.3593696442427391
13316500,5,45.41305556,-116.3252778,0.14759576832081583,-0.13472274519873711
13317000,5,45.75027778,-116.3238889,0.1634322387694234,-0.4386652378216246
13333000,5,45.9457019,-117.4510089,0.1990850955684468,0.2472043766899129
13336500,5,46.08666667,-115.5138889,0.1256976391123079,-0.05223397481116367
13338500,5,46.08638889,-115.9766667,0.21130345235385742,-0.21212003550246974
13340000,5,46.4783333,-116.2575,0.1234692389061451,-0.2692535921537897
13342500,5,46.4483333,-116.8275,1.187434594392555,-2.111145680453917
13346800,5,46.7319444,-117.0241667,0.2797935716549345,0.04318924180465437
13348000,5,46.7323856,-117.1810048,0.31654757237443154,-0.21835010812852443
14020000,5,45.71957668,-118.3232913,0.21633819237581786,0.6330590338595571
14038530,5,44.41848897,-118.9063419,0.29601745195895357,-0.25898843784323156
14046000,5,44.81491667,-119.432,0.2275176461461973,0.16035185488530937
14046500,5,44.79401389,-120.0070194,0.242021553477681,-0.1620537397110585
14113000,5,45.75651098,-121.2100714,0.2970991137188141,0.2346686016591862
14152000,5,43.99818166,-122.9059126,1.3369282542684888,0.08422445380774524
14162500,5,44.1248487,-122.47062,2.183952222344159,-1.7510810918009188
14165000,5,44.09290317,-122.9573052,0.19860610718263072,-0.4002586206822217
14188800,5,44.71206687,-122.7700878,0.20514012215024902,0.16602089252018018
14190500,5,44.78317527,-123.2345435,0.22137861511920723,0.043049085970038904
14194150,5,45.2069444,-123.1816667,0.20188712055968477,-0.12675193067788904
14200000,5,45.24391667,-122.6874444,0.19017856621619325,0.03373884325842269
14222500,5,45.8367809,-122.4662083,0.17937945872106195,-0.08464929268882163
14226500,5,46.61285685,-121.6792344,0.20831046689376356,-0.07976616227542978
14231000,5,46.5319444,-121.9569444,0.16620763635189945,-0.7627076780170694
14299800,5,45.80705586,-123.2831722,0.24428148984945042,0.8123768619293876
14301000,5,45.7039986,-123.755405,0.14779754462287803,-0.18638236820270548
14301500,5,45.47593996,-123.7251209,0.3419198879251994,-2.246715757912782
14305500,5,44.7151172,-123.8873348,0.1519028183108028,-0.26098066295063543
14306500,5,44.3859538,-123.831778,0.1688106710019556,-0.18583867387782446
14307620,5,44.06234317,-123.8831659,0.173530113706783,-0.049440774181717786
14308000,5,42.9303985,-122.9483872,0.28359096584142385,-0.23068897197721186
14312000,5,43.13317169,-123.3984053,0.24153699721014985,-0.8783701375929016
14316700,5,43.349842,-122.7289415,0.20082560990571077,-0.026895282940068082
14325000,5,42.89149904,-124.070652,0.1942365548978294,-0.19885946809660843
14377100,5,42.23177936,-123.66368,0.20648201811317193,-0.44564008578203096
14400000,5,42.12344278,-124.1873107,0.17781122593439624,-0.7234676519474085
