site_no,cluster,latitude,longitude,action_aep,flood_aep,moderate_aep,major_aep
01011000,1,47.0697222,-69.0794444,0.027683440952443465,0.004145271084614505,0.004145271084614505,0.004145271084614505
01013500,1,47.2375,-68.58277778,0.08348010117474154,0.04635395455282503,0.013310330390237173,0.006879997141489054
01015800,1,46.52305556,-68.3716667,0.17677025182311856,0.03651192981324288,0.00939273861172526,0.026414782052741972
01017000,1,46.7772222,-68.1572222,0.068466776020978,0.01240783745378035,0.014934910981969965,0.014934910981969965
01029200,1,46.14305556,-68.6336111,0.7172046909616052,0.361090957888606,0.015882321803462596,0.005144294917319898
01030500,1,45.5011111,-68.3058333,0.606270913974465,0.4790007376047828,0.0842474578762833,0.021527383487659778
01031300,1,45.2672222,-69.58388889,0.6419078903422166,0.19740522189051987,0.013945234828719113,0.00923177594236252
01031500,1,45.175,-69.3147222,0.6118751656132985,0.310701573395462,0.08594314182957585,0.013209561635731934
01034000,1,45.26055556,-68.8686111,0.15995639123235258,0.09133406932671546,0.015656754828790337,0.015656754828790337
01038000,1,44.22277778,-69.59388889,0.4444915350368903,0.14425193522408392,0.09830147736928646,0.046509279133079874
01047000,1,44.86916667,-69.955,0.4185048389751887,0.2520332639975057,0.10042100327636339,0.024018569745197164
01047200,1,44.85777778,-70.48527778,0.815389542848582,0.35514216518208425,0.24011921445610337,0.09924868239888907
01048000,1,44.70805556,-69.9375,0.9157553476838828,0.5148834579627822,0.06605675720715698,0.02115158172114
01054300,1,44.5933333,-70.7330556,0.96317258191859,0.6896605686985345,0.172282581791866,0.059316130640310896
01055000,1,44.64277778,-70.58888889,0.9739294004240049,0.5732648986529775,0.29519692602648806,0.052587261473552374
01064500,1,43.9908333,-71.0905556,0.9781276913164831,0.7447247252327903,0.17535681228769112,0.023270520280482224
01066000,1,43.80805556,-70.7816667,0.47642070555026633,0.11193809093056921,0.05582443684029403,0.0348652911344338
01075000,1,43.9761792,-71.6795244,0.9970397594165564,0.6792694646075302,0.0980491783420251,0.014531662558435788
01076000,1,43.79562647,-71.8453594,0.500132869627369,0.29375835490159663,0.1357224484742063,0.08332376315099983
01076500,1,43.7592388,-71.6856337,0.9032495909892329,0.6690736670436744,0.21782085757798428,0.08758387368457335
01077400,1,43.70388889,-71.8333333,0.4134602184958344,0.26790065760021475,0.2121266165107153,0.029999598644596816
01078000,1,43.56646307,-71.747857,0.7508377123803445,0.22995713760390202,0.01612536318010537,0.004986876152503104
01082000,1,42.8625837,-71.95924609,0.7954035716950274,0.13810764157899078,0.0117795332049527,0.0021558783875081943
01086000,1,43.25091159,-71.7322996,0.9997118152832858,0.44309209961741547,0.05250353695122317,0.0051286146414646575
01094400,1,42.57620079,-71.7881285,0.9850143190662184,0.4977529746669786,0.06690225859579373,0.013795089637759977
01096000,1,42.63425619,-71.6578479,0.4854823278966053,0.16153854442826973,0.0180291713988693,0.009706942581829154
01105583,1,42.2208065,-70.9780711,0.4802049082147954,0.14254091610523206,0.003976335151022377,0.003976335151022377
01105600,1,42.1903779,-70.9447679,0.8776289178818677,0.5777401210949513,0.054315592252436234,0.024840194492132605
01121000,1,41.84359288,-72.16894625,0.5941113616423574,0.3178931205153935,0.13239041070984323,0.011979166537813895
01127500,1,41.55859526,-72.1214469,0.596235638796598,0.3108981338215054,0.24119307642416887,0.12021355402684247
01130000,1,44.62505316,-71.4689721,0.4984807225840949,0.21139387427463494,0.04679632669585027,0.016595574466212015
01133000,1,44.63394195,-71.8975942,0.7167688616575107,0.5235102634261415,0.1184885372926274,0.033254612165034225
01135300,1,44.4353353,-72.03842899,0.1520764917047875,0.061341734204782894,0.02594015589833982,0.017236612685681437
01135500,1,44.3656147,-72.0392613,0.5179114138282662,0.28041335161947917,0.19819721293945974,0.046597331516663586
01137500,1,44.2686741,-71.6303617,0.9520142225944387,0.46544319188044275,0.028387727550212582,0.0053078890842121204
01139000,1,44.1503413,-72.0650915,0.6821538110054661,0.3126454292253187,0.04515825204777198,0.01718009803820798
01142500,1,43.93450969,-72.6578821,0.26583976630389694,0.12759597775151835,0.03843361278578623,0.023141981707178568
01144000,1,43.71423614,-72.418149,0.17005674956703917,0.08385948064003905,0.0593304390433121,0.030373451751113306
01150900,1,43.62229069,-72.7589899,0.7032031187748267,0.5705681904052649,0.1822128088670212,0.030147467572104982
01153550,1,43.1917433,-72.48508889,0.9993678083978034,0.6203212365973432,0.0679509819350017,0.016082919298550758
01157000,1,43.03924586,-72.2700858,0.2804391503739798,0.07784743306572484,0.019393121811665283,0.01331488533083666
01162500,1,42.6825859,-72.1150812,0.38712093615237275,0.06536652394110463,0.009158490967992813,0.0008082797596782543
01170100,1,42.70341695,-72.67064738,0.9646771873652292,0.6873235966402542,0.14671760092712102,0.009409959663449846
01181000,1,42.23731169,-72.895654,0.6985510709104836,0.44888775289665384,0.14255297845300105,0.04620735637901522
01188000,1,41.78609674,-72.96480593,0.8894844827746377,0.28277224024796405,0.10546763299936798,0.03341146556552901
01317000,1,43.60952778,-73.7375,0.9168595215453097,0.7410251079975768,0.5026811133264706,0.14276549012845507
01318500,1,43.31905556,-73.8443056,0.9409816138762285,0.25370310989658007,0.08092984950234695,0.0355101699771817
01321000,1,43.3534722,-74.2684722,0.9477505349345959,0.6612342057118548,0.11098133072228225,0.042416329808120413
01325000,1,43.3113611,-73.8672222,0.9908896510425206,0.5983662455954324,0.2908569959876169,0.11256721975999098
01329490,1,43.10866667,-73.4224167,0.3168685509662611,0.09644807074740598,0.038624238408173465,0.01684136663961935
01349150,1,42.87627778,-74.6028611,0.9922104020605855,0.5735359055256826,0.24172621174440026,0.06916096765118246
01362500,1,42.0144722,-74.2701944,0.9759695143947639,0.6775190973086236,0.23585295158789327,0.09050185924770046
01387450,1,41.1411111,-74.1161111,0.882152656762003,0.7233764518424097,0.09392919444455626,0.004497138857028387
01396500,1,40.67777778,-74.8791667,0.6806450959504009,0.3150335252588853,0.033046170213613446,0.00393804382770215
01405400,1,40.38944444,-74.39055556,0.5505721687416396,0.06341754591960098,0.06341754591960098,0.06341754591960098
01408120,1,40.09166667,-74.1525,0.7449526436253685,0.3001570483555999,0.10352841007795012,0.03241413095854243
01412800,1,39.4725,-75.25555556,0.8790656254842156,0.4914472803000327,0.06507624127343073,0.008966092741795157
01413398,1,42.15069444,-74.60138889,0.6874696447529497,0.27718717196224396,0.2161026324264115,0.16836543543148808
01413408,1,42.14644444,-74.62341667,0.34112679561128684,0.19171363981931172,0.12807528295330697,0.08500109568608497
01413500,1,42.14477778,-74.65336111,0.41816621337937065,0.26154586557830223,0.11295567837440176,0.04692376387192244
01414000,1,42.13305556,-74.6955556,0.3250731550773121,0.194453446694209,0.09895587381082495,0.029636659051971718
01415000,1,42.11966667,-74.82044444,0.07386509214775361,0.051259470108309245,0.037831638009551166,0.019140362195134767
01421900,1,42.280278,-74.907222,0.829260287461827,0.6388647627819775,0.3114493678828693,0.15351349308879955
01422747,1,42.17266667,-75.1219167,0.1025530108510957,0.06295434540569111,0.03870280433415744,0.014825623876955515
01427500,1,41.76055556,-75.04838889,0.09661021914057963,0.058352472221920706,0.024145233349574233,0.014100603451418819
01428750,1,41.67452998,-75.37601299,0.873574329348229,0.06775702557058351,0.014024822933009202,0.0013582764712699728
01439500,1,41.08815078,-75.03767469,0.3095608416853822,0.16592301296545445,0.07166321807480215,0.032480079303710586
01440000,1,41.10611111,-74.9525,0.6327978924135667,0.369252213464395,0.20237422787365952,0.0506394270751358
01451500,1,40.5823197,-75.48296088,0.7606321790877146,0.6504900257610393,0.20715366808591337,0.06899391870163991
01451650,1,40.59648637,-75.4740717,0.4293911016172406,0.04087910787554374,0.07258645485886007,0.18487467139070818
01472198,1,40.393898,-75.5154532,0.9990617503859962,0.9876784615104565,0.7113609478504175,0.259323979641704
01472199,1,40.3739879,-75.5224034,0.6595574626852535,0.3388270906059711,0.1404700162246252,0.020016872398655676
01480300,1,40.07287916,-75.8607744,0.934928393057609,0.7676843261435792,0.21767422814191772,0.0758718668759682
01483700,1,39.1637222,-75.5190833,0.4557454911946265,0.2390473568071311,0.06373534414841928,0.013413386477514562
01485500,1,38.22891667,-75.4714444,0.6268802182630487,0.38268391393014284,0.10488057424792091,0.024266874295493422
01487000,1,38.7283333,-75.5618611,0.3963995300240597,0.0468575761085108,0.01916840913186897,0.01916840913186897
01495000,1,39.6675833,-75.8255833,0.8225850613055019,0.5022927004815528,0.3136482521083893,0.09283844307855096
01502500,1,42.37797222,-75.40611111,0.9530813132469032,0.2806803382372904,0.10953073515026794,0.0358862722102113
01509000,1,42.60266667,-76.15938889,0.9641209277918102,0.8689499075829527,0.4852304074104398,0.09291710707668968
01510000,1,42.54116667,-75.89919444,0.5078902393495399,0.23167099269124616,0.04906553631615861,0.017982183671382494
01512500,1,42.21805556,-75.84813889,0.9744735352376078,0.5514342697634413,0.11271967522545724,0.042987423613491185
01514000,1,42.12916667,-76.2705556,0.3688201116928736,0.18922753550087087,0.13077526002715587,0.059643077734348265
01516350,1,41.7970183,-77.0802457,0.4917236218117107,0.16417778975710753,0.10109105777827623,0.05618303465624516
01525981,1,42.0722222,-77.29888889,0.4439834005593821,0.2926545892116381,0.11163914976678195,0.03114037228929387
01527500,1,42.41105556,-77.4263611,0.10807619621633045,0.011690380907399886,0.011690380907399886,0.011690380907399886
01532000,1,41.70757505,-76.4849432,0.8493386735147269,0.4218316711881227,0.27166424639095593,0.14313241697895632
01543500,1,41.31728467,-78.1030596,0.2263718760971448,0.062390625415834976,0.03348630457579085,0.018480477899542165
01548500,1,41.52167017,-77.4474547,0.60974485246978,0.03644236282063779,0.01983798887044525,0.006076183641781086
01552000,1,41.32500378,-76.9124381,0.5190615425459429,0.14523619247031616,0.0892680789387861,0.05528949886700079
01555000,1,40.86674917,-77.0483088,0.8010570714845953,0.4448012317411133,0.19463372074270527,0.05259314471276081
01568000,1,40.3233483,-77.1688404,0.9925782436615541,0.5783917038524534,0.3316766593573652,0.04736822590480641
01580700,1,39.52263889,-76.14227778,0.02749308481310861,0.02209724092740733,0.02209724092740733,0.02209724092740733
01581500,1,39.5414722,-76.3301111,0.6705575536047654,0.1243801434171734,0.01946188050182663,0.01946188050182663
01581649,1,39.49219444,-76.25911111,0.18665601560692202,0.0699742529902568,0.00690848520229749,0.00690848520229749
01581830,1,39.65480556,-76.78091667,0.07281118016555205,0.040947746271386094,0.012977325814551587,0.012977325814551587
01581870,1,39.62569444,-76.77261111,0.14922418533096207,0.0395014074199048,0.014619439584657891,0.014619439584657891
01582000,1,39.60425,-76.62052778,0.4325438205912375,0.2401245553202022,0.12343521011065552,0.030437522223631358
01583100,1,39.5206111,-76.76688889,0.3086657010127962,0.1308364388515435,0.02731683552022318,0.02731683552022318
01583500,1,39.51077778,-76.6765,0.4939313776553287,0.24624651119025007,0.1208673131818252,0.04397148929962328
01583580,1,39.47947222,-76.67802778,0.41626549013115427,0.15862517545953667,0.034159851475930994,0.025797407752809177
01584050,1,39.45469444,-76.47888889,0.6542996429519277,0.039219024756915744,0.039219024756915744,0.039219024756915744
01586210,1,39.48944444,-76.90294444,0.41385062023387814,0.17835255674361927,0.02509072338193845,0.02509072338193845
01589500,1,39.17,-76.63061111,0.281199991554241,0.13144563696441858,0.013154558838156992,0.0023160794874644884
01591000,1,39.23825,-77.0557222,0.5405086852105553,0.37847051861372427,0.09550896686808304,0.005432487327765614
01595300,1,39.36676569,-79.17892449,0.11692680498208119,0.05239563033992766,0.04931619315279842,0.04931619315279842
01599000,1,39.50091389,-79.04881944,0.3088758089323932,0.07532493939328454,0.02561716210700966,0.010508335777734
01601500,1,39.66961111,-78.78802778,0.4086196300944175,0.2904983703582639,0.13857521271504267,0.06572359093188801
01605500,1,38.63567247,-79.3378199,0.7994325888341333,0.6277504424143061,0.33055345333110053,0.15934965210683769
01606500,1,38.99122107,-79.17587059,0.47295999039079695,0.1822237852278667,0.12355443772167937,0.060526644857290014
01609000,1,39.5532222,-78.555,0.5933837282688057,0.10733909147235116,0.04196876896150426,0.04196876896150426
01610155,1,39.64952778,-78.34413889,0.6495321444493232,0.44739305260127604,0.006793445152342497,0.006793445152342497
01611500,1,39.5823158,-78.3097312,0.923088334921829,0.7578025525751554,0.17362335289119207,0.05814691196944555
01613525,1,39.67627778,-78.04252778,0.5456781684544391,0.3235001855698791,0.03495156952491248,0.03495156952491248
01613900,1,39.2145479,-78.2880592,0.6725791419906921,0.054030657286056216,0.00874705792450982,0.00874705792450982
01616100,1,39.19259167,-78.0686306,0.058715215497842546,0.058715215497842546,0.058715215497842546,0.058715215497842546
01617000,1,39.46954296,-77.9713871,0.5489331747365497,0.17690230909350316,0.02226157230667079,0.0095355979501111
01617800,1,39.51455556,-77.77722222,0.0851874448132009,0.0851874448132009,0.0851874448132009,0.0851874448132009
01621050,1,38.48679008,-78.96030749,0.5556829773138483,0.17767989318939437,0.04045095282108253,0.018448192716322913
01632000,1,38.63706254,-78.852803,0.6281516881459623,0.22936555232437988,0.09470619992314298,0.03699075520625358
01632082,1,38.60678588,-78.803357,0.315738419677411,0.008407978578662366,0.008407978578662366,0.008407978578662366
01632900,1,38.69345016,-78.6427935,0.7971119175699234,0.721146973775952,0.390236238866963,0.04875719271142546
01635500,1,38.95816564,-78.2666685,0.48649271502057323,0.33322190310633665,0.022272587423820822,0.007659314378841771
01636316,1,39.067025,-78.0037528,0.020404481801204005,0.020404481801204005,0.020404481801204005,0.020404481801204005
01636690,1,39.3108333,-77.7185,0.09300388315219384,0.01328143014339276,0.01328143014339276,0.01328143014339276
01637500,1,39.42725,-77.55616667,0.09237355156170837,0.017087304138073606,0.017087304138073606,0.017087304138073606
01638350,1,39.1911111,-77.6154444,0.8354672722647076,0.7137244718775927,0.2782012490946586,0.03130813336982463
01638420,1,39.205,-77.62388889,0.4068193393369863,0.15557814019906935,0.002817585025861225,0.002817585025861225
01638480,1,39.25510206,-77.5763778,0.4734515255607298,0.30678418040046,0.09415406369396594,0.07394428478750961
01639500,1,39.61236111,-77.23744444,0.862037086315709,0.5608174317321095,0.011328906746151496,0.0020654213895699904
01643590,1,39.1676111,-77.5359167,0.7093318207692028,0.3869995997150371,0.24485147309952612,0.07331963582338394
01653600,1,38.70577778,-76.9661944,0.17608684252597956,0.07306369668189193,0.013901909400798216,0.011175786177088429
01658000,1,38.59613889,-77.05602778,0.9001557271613869,0.3181309597967244,0.04432934160916761,0.040565734346154445
01658500,1,38.5873427,-77.4285958,0.83156526106635,0.16671588553882247,0.01969367752985945,0.0021212350546622755
01660400,1,38.49040138,-77.4335942,0.02383791451205886,0.0087060535590297,0.005606640028933715,0.005606640028933715
01661050,1,38.33330556,-76.725,0.30720888373721655,0.113953527607245,0.03643023658775622,0.005303902867487008
01662800,1,38.65567564,-78.0738869,0.5885173778855376,0.2637722630783571,0.03067829985976658,0.03067829985976658
01663500,1,38.59178867,-77.9649962,0.9861017030054963,0.5733928020844177,0.20108728933056652,0.08397950931595283
01664000,1,38.5305957,-77.8135912,0.8905434030304261,0.6170015980837836,0.1961872612587166,0.05011848008223445
01666500,1,38.32513047,-78.0955557,0.8372091144174341,0.7303955582476486,0.32064939535945125,0.029412868563687574
02011400,1,38.04234707,-79.8814439,0.9482267647483429,0.5008920198526341,0.09351981605348945,0.03876407343871555
02011500,1,38.0695688,-79.8970003,0.3756004948216586,0.21442393443277763,0.08265620641659385,0.0
02013000,1,37.8029022,-80.0470043,0.6933107992782384,0.29031204057212084,0.09157576839068401,0.014622587809651567
02014000,1,37.72901408,-80.0422802,0.6683496127409307,0.2294740808392859,0.046972574389557334,0.00687899289945072
02015700,1,38.19540308,-79.57032338,0.5504231356923815,0.31329421088279297,0.041711747115118096,0.005619259572494456
02016000,1,37.79179587,-79.7594917,0.8745384817308727,0.5627723198901265,0.04662778982767994,0.005998492845431841
02018000,1,37.66596174,-79.9114388,0.6999942436798221,0.3692378661737172,0.0952473720812006,0.021449487254438345
02018500,1,37.46818624,-80.00532199,0.7680631945229812,0.26919168179760594,0.02842857862157683,0.008281388253314259
02020500,1,37.98790619,-79.49365288,0.6211025600285407,0.18472762856181088,0.12460968874765141,0.08149697955233538
02021500,1,37.90735266,-79.42198289,0.5500739721771172,0.1997699063134223,0.06353996602559354,0.006758015775621
02022500,1,37.82568687,-79.4430938,0.8825392676861215,0.5655113976370912,0.13163748579964232,0.019391829358839176
02027000,1,37.71541868,-78.981691,0.45215453797914257,0.19848579302073638,0.07002217590572203,0.06831993810035981
02027500,1,37.7023625,-79.0275254,0.1566081606876015,0.09353815187733336,0.03332505550417957,0.01789032922096317
02028500,1,37.86958499,-78.8233543,0.5296145761348614,0.304208061811019,0.02264880180222618,0.0058456972535387685
02044500,1,36.9834822,-77.7997188,0.7450140914425145,0.5385175606583911,0.24606044277635516,0.10188782933326737
02045500,1,36.90014978,-77.3996996,0.8658883513087748,0.7221581918570174,0.4045695861852789,0.07594962519502277
02047000,1,36.7704276,-77.1660778,0.9331344170852975,0.7376722985930055,0.4219074945005856,0.11864871497320702
02049500,1,36.7626499,-76.89829369,0.9961641311131461,0.4664678523990499,0.09122364457027819,0.017059407981918698
02051500,1,36.71681395,-77.8316582,0.9774347522002332,0.8859144421361951,0.2563009904064982,0.08836087600096508
02052000,1,36.69014954,-77.5405364,0.9962735659252323,0.2667409290034453,0.11225273999917186,0.04086144280052003
02053500,1,36.28027778,-76.9994444,0.5830700086488224,0.30775980326655605,0.0848903231640645,0.017455740619735323
02053800,1,37.1401323,-80.2664328,0.7543748013810814,0.5766612944507273,0.2755731941067029,0.10511270426380327
02054500,1,37.23652179,-80.2092089,0.9232379149202075,0.5290552598236566,0.12467020348020964,0.03928629824370546
02054530,1,37.26791157,-80.1394858,0.938458620492944,0.8201670313437501,0.24688958113213808,0.13271434916794406
02055100,1,37.41763318,-79.9353193,0.09309185226259555,0.02171215040790843,0.002416477480259042,0.0009331333520634918
02058400,1,36.9459767,-79.5247508,0.8814750692065336,0.2964388540836146,0.06296798276626862,0.01523561004740784
02069700,1,36.570971,-80.1294928,0.4286346668923276,0.24749660186462802,0.09284190147313254,0.03686323852983976
02070500,1,36.53388889,-79.99138889,0.5508312169463134,0.36431981551455417,0.0859841173684499,0.026106825177870215
02074500,1,36.6195825,-79.5041932,0.5178868418631375,0.3285372095077421,0.10870698602400149,0.016671441078780026
02081500,1,36.19416667,-78.5830556,0.20552215728785905,0.147390952765835,0.04693750811426151,0.019624440436219914
02082950,1,36.1833333,-77.8761111,0.41246250369156323,0.34022240506323037,0.20903072027294245,0.08212509948750162
02083000,1,36.15055556,-77.6930556,0.6459539761786489,0.555390099434333,0.15731316750860114,0.02200977013043575
02091000,1,35.48888889,-77.8061111,0.03648538860755657,0.016903851884595675,0.0086817041073544,0.004826394890990568
02092500,1,35.06416667,-77.46138889,0.4734776635849507,0.40087485932896944,0.10265822419171865,0.01764831984225585
02093000,1,34.84916667,-77.5194444,0.5341143500378006,0.45474194706972804,0.33105258047370184,0.09004916622899833
02102908,1,35.18277778,-79.1775,0.07006530636735743,0.0401845978915408,0.023794022237379767,0.014518592419056496
02104220,1,34.9997222,-79.2147222,0.005192592417214144,0.0036325681493552192,0.0036325681493552192,0.0036325681493552192
02108000,1,34.82888889,-77.8322222,0.8585099668603899,0.7163568275711781,0.1585311565574106,0.06941993003954064
02111000,1,35.9908333,-81.5583333,0.5488935159909434,0.38421002906660456,0.16349040313585012,0.03258159650389457
02118000,1,35.845,-80.65888889,0.07567237457826916,0.0564027030343989,0.0121738647816471,0.005816533957116347
02118500,1,36.00055556,-80.7455556,0.5468342443616813,0.43743740981890905,0.08436141773277317,1.5708238050268907e-06
02128000,1,35.3872222,-79.83138889,0.18981513409377357,0.1304879543106884,0.02986932285676271,0.014825332811593298
02130840,1,34.6633333,-80.2116667,0.007044987447410023,0.007044987447410023,0.007044987447410023,0.007044987447410023
02130900,1,34.51404244,-80.1831244,0.0016525829806525486,0.000816267428235816,0.000816267428235816,0.000816267428235816
02137727,1,35.6858333,-82.0602778,0.5103645943367918,0.3275584149548558,0.05720731615546973,0.026093845083289956
02140991,1,35.8336111,-81.7119444,0.8539333044809128,0.6641739280207922,0.3127044630970352,0.07163481073325262
02142000,1,35.94555556,-81.2369444,0.39409537209538725,0.043923065209357376,0.043923065209357376,0.043923065209357376
02143000,1,35.68444444,-81.4033333,0.5054622174860289,0.06555309513832862,0.047590230601746324,0.047590230601746324
02143040,1,35.59055556,-81.5669444,0.01716670747736213,0.009518053576925792,0.009478655199538822,0.009478655199538822
02149000,1,35.4233333,-82.1116667,1.3984701274843348e-07,1.3984701274843348e-07,1.3984701274843348e-07,1.3984701274843348e-07
02152100,1,35.4929722,-81.6822778,0.04313463907469187,0.01375661667007758,0.009375474743292174,0.009375474743292174
02152474,1,35.41527778,-81.5616667,0.13066257824668093,0.0985845911683977,0.047270328826377786,0.047270328826377786
02154790,1,35.1063,-82.129775,0.8935504620867424,0.36397098859748533,0.03603593767151026,0.008295410821289016
02162350,1,35.120342,-82.537578,0.15907073223945611,0.07272782509228877,0.02057339380961427,0.00795081635936888
02167450,1,34.20957949,-81.7631659,0.8285761685372296,0.7412365641617408,0.02047757995829585,0.02047757995829585
02174250,2,33.3787575,-80.699807,0.04598430895871866,0.02535586676599232,0.02535586676599232,0.02535586676599232
02177000,1,34.81377778,-83.3063611,0.0070919657175857066,0.0070919657175857066,0.0070919657175857066,0.0070919657175857066
02178400,1,34.8899722,-83.53063889,0.8673161138046945,0.020258855522493086,0.020258855522493086,0.020258855522493086
02192500,2,34.07244444,-82.5009167,1.3022094330765948e-05,5.731912851313184e-07,5.731912851313184e-07,5.731912851313184e-07
02193340,2,33.68266667,-82.8585,0.6446898674788892,0.32033037561866373,0.06328406085259752,0.019325112826320955
02193500,1,33.61277778,-82.7425,0.8272082765588524,0.6732817477933353,0.27544447526665194,0.0827458238728906
02195320,2,33.6011111,-82.2326111,0.2646900959377266,0.016577300433818224,0.016577300433818224,0.016577300433818224
02196000,1,33.72929717,-82.1817873,0.6581266881268624,0.5716856131728508,0.23739287358414138,0.12226550486636827
02197598,2,33.18055556,-82.3340833,0.9386991911829545,0.00211927099496033,4.013705957728517e-08,2.4730698868255523e-11
02198690,2,32.36577778,-81.2970833,0.11998128246447694,0.06649091989473398,0.04173122862609452,0.04173122862609452
02201000,2,32.97566667,-82.6098056,0.6736518852256544,0.19670873423299365,0.059525222329745005,0.02832929957923534
02201230,1,32.81469444,-82.235,0.999702077766665,0.9820565486581305,0.15568695313693143,0.15568695313693143
02202040,2,32.64927778,-81.8407778,0.5569960105659779,0.34867538446438706,0.08025041993885075,0.08025041993885075
02202500,1,32.1901111,-81.4158611,0.9314449625233564,0.8711839646154975,0.34499616047473425,0.0982721894209466
02202600,2,32.16755556,-81.48775,0.025292485687525165,0.007270539242883495,0.007270539242883495,0.007270539242883495
02203000,1,32.1843611,-81.8892222,0.8729921985653251,0.7027271879708488,0.22197108926452566,0.039061878824301066
02207435,2,33.7111111,-83.9144444,0.7870460326497674,0.3273643538068007,0.03978366614166009,0.017932981890054715
02212600,2,33.10030556,-83.7231667,0.8243721254965949,0.6716594357154215,0.2928299718594865,0.06867480228481462
02215100,2,32.2401111,-83.5018333,0.7777143135243887,0.5191620956342071,0.05810025799392328,0.002185425576639591
02216180,2,31.99138889,-82.9219444,0.7741236335512016,0.16254477832220532,0.047529945495323064,0.047529945495323064
02217274,2,34.0822222,-83.8544444,0.36477725046581555,0.1678792295870133,0.03721890556490099,0.006268709118278839
02221525,2,33.25275,-83.4826111,0.21559149706303604,0.08873860980165012,0.01790990924637271,0.01790990924637271
02225500,1,32.07713889,-82.1765,0.9791617851447875,0.9527408409219874,0.5100588287450664,0.1181105116961115
02226500,1,31.23844444,-82.3228333,0.8605791490110785,0.5988068007556258,0.278932257135259,0.06961685736537443
02227500,1,31.45213889,-82.0543333,0.9954786283582436,0.9574520593054086,0.43220596717152926,0.08594454990644075
02228000,1,31.21958333,-81.8664444,0.9670531529615426,0.8795737271820858,0.129884730033162,0.011938220801958478
02228500,1,30.51773125,-82.2303954,0.920989526972429,0.6633525113269213,0.2425957353068431,0.09702558809516704
02231000,1,30.35884726,-82.0815013,0.9733249928237147,0.8816071601701674,0.5432822227260127,0.15684976964144878
02245500,1,29.9794075,-81.8520426,0.9070980169720825,0.6258632859494688,0.34960896188655294,0.1836938069814425
02314500,2,30.68102778,-82.56013889,0.00047792357288240666,0.00047792357288240666,0.00047792357288240666,0.00047792357288240666
02317500,2,30.70383333,-83.0326667,0.005142242133150101,0.005142242133150101,0.005142242133150101,0.005142242133150101
02318000,2,31.15555556,-83.5436111,0.012141706658726641,0.012141706658726641,0.012141706658726641,0.012141706658726641
02321000,2,29.9982954,-82.2739992,0.001686272125269116,0.001686272125269116,0.001686272125269116,0.001686272125269116
02322500,2,29.84884769,-82.7151204,0.007011148206130815,0.007011148206130815,0.007011148206130815,0.007011148206130815
02326500,3,30.36992847,-83.80682559,0.823598566108122,0.6652146545481898,0.170590344210527,6.311379725063939e-09
02326900,3,30.2714311,-84.1482508,0.9119349076622566,0.6505898012584553,0.35217176872773,0.07731279640940024
02327100,3,30.12936856,-84.4943482,0.9527619478958017,0.6083950869424005,0.3635182017241219,0.028457999367818728
02328522,3,30.6690846,-84.3051807,0.9278726508138335,0.7165952323941968,0.48275299530093835,0.07128863362317486
02329000,3,30.55408644,-84.3840715,0.9794203869007686,0.710105636340006,0.10708322232880693,0.0056929498688471315
02330450,2,34.7009722,-83.72925,0.5851951327225957,0.18103859183176424,0.07670904665979704,0.07670904665979704
02334480,2,34.1325,-84.07,0.4010521659314867,0.05192210296450517,0.03115369332174894,0.03115369332174894
02334620,3,34.07163889,-84.1304167,0.9969561064214383,0.9969561064214383,0.9969561064214383,0.9969561064214383
02337498,2,33.52638889,-84.9367222,0.09563764841013675,0.09563764841013675,0.09563764841013675,0.09563764841013675
02337500,2,33.52930556,-84.9287222,0.2209352014818942,0.11556193294744246,0.053949669227274746,0.013456351298412139
02338523,2,33.3407222,-85.2267222,0.169023308067842,0.169023308067842,0.169023308067842,0.169023308067842
02341800,2,32.413,-84.82,0.09440360473514228,0.030915455721710117,0.010177302740946477,0.0034711098947912545
02342850,3,32.1527222,-84.9059167,0.1660725450891167,0.1660725450891167,0.1660725450891167,0.1660725450891167
02346310,2,33.18741667,-84.22663889,0.8863723781630887,0.340204729811073,0.007757735294368026,0.0028573826411861583
02349900,2,32.19555556,-83.9022222,0.9417446276829389,0.6745662178831533,0.20219930785565027,0.0019808735380948995
02350600,2,32.0525,-84.5483333,0.9790275757082835,0.6147010514925075,0.03618934560281947,0.008531671275974121
02350900,3,31.76458333,-84.2531111,0.8646616644550141,0.5904404499773085,0.2850553194911052,0.07148273984509106
02351500,2,32.0836111,-84.2588056,0.45689989732303826,0.15625740752328535,0.022553727693355927,0.00915040312779478
02353500,3,31.38277778,-84.54638889,0.6010587106454451,0.34116579510689077,0.2183301438406974,0.04188486297672488
02354800,3,31.29366667,-84.4885556,0.5084209342366957,0.2852418273371438,0.14581620224032069,0.04844008577849507
02357000,3,31.04008333,-84.7393056,0.8129139214476364,0.47263930666453635,0.20890564598124745,0.00997271098633829
02359500,3,30.3846406,-85.5565932,0.5792350109420863,0.31701740828944347,0.12355738617827605,0.002777313824030055
02361000,3,31.3429492,-85.6104912,0.7822220501154551,0.5172806519492653,0.3224380297059369,0.13815030152419674
02363000,3,31.59488716,-85.7829975,0.8508131140522127,0.5543914668783215,0.342794773822377,0.0068975444113690025
02365200,3,30.94990438,-85.84299,0.9141856849051394,0.6008435836983914,0.29491924893592697,0.007933013406734279
02365500,3,30.77574389,-85.827711,0.9999967516732775,0.5360488338941038,0.20674345225652363,0.02879060555097496
02366000,3,30.62685899,-85.7121531,0.2834351767849802,0.025834668750026324,0.0007089393544394248,0.0007089393544394248
02366500,3,30.4510296,-85.89826819,0.9838584256821196,0.8012539908264872,0.3469744533138027,0.06426325649864777
02368000,3,30.7529664,-86.6291207,0.9744155430657134,0.2575054052102163,0.0878441033294031,0.03691989518767267
02368500,3,30.7960205,-86.3068906,0.9830521502672125,0.7717574823060659,0.5968199707283556,0.29414262901630234
02369000,3,30.69741268,-86.570786,0.9988653698843072,0.834065457420236,0.1786400785311471,0.04899054543081423
02370000,3,30.8335197,-86.7346786,0.9587527226138874,0.6536016833024753,0.3216148413541254,0.03303809543495255
02370500,3,30.70852375,-86.972186,0.9993847025232481,0.6131422607679305,0.15125439879243394,0.01691782067275288
02374250,3,31.06715578,-87.0616644,0.7446230251955482,0.33935401768324697,0.0123158502791471,0.00577153542015381
02374745,3,31.1298991,-87.0871928,0.5876774478446027,0.1914964995553145,0.032539786592185066,0.0065091964025143605
02375500,3,30.96518304,-87.2341395,0.9968528469328874,0.8829962830419747,0.022026919792443457,0.007333966379278427
02376500,3,30.69027778,-87.4402778,0.9466317755144994,0.7214409742461794,0.1763643557699627,0.01456319139466351
02377570,3,30.6057799,-87.5472342,0.9692079765158924,0.8252563830291892,0.7008920407997943,0.3757301204133915
02378500,3,30.54550384,-87.7986304,0.9120171988322376,0.6156903656111635,0.3909164686721707,0.09982068030113354
02381600,2,34.57044444,-84.46888889,0.38765275613627037,0.14497512720654698,0.05726822323779489,0.031181520869981823
02384500,3,34.8275,-84.8509722,0.9762022585180842,0.826345083595885,0.027103414097191785,0.20589201369619384
02384540,2,34.87194444,-84.7212778,0.07471965784135004,0.005757687808180948,0.0057502845014862115,0.0057502845014862115
02391840,3,34.26505556,-84.4735,0.6173765931741907,0.6173765931741907,0.6173765931741907,0.6173765931741907
02395120,2,34.24277778,-84.8897222,0.6319854213335785,0.10939596217617319,0.10939596217617319,0.10939596217617319
02400680,3,34.43814386,-85.7671907,0.8739131256298919,0.7191956157913532,0.3441939183841695,0.006149342725310054
02421000,3,32.30736239,-86.2994126,0.8891634732058302,0.7445400546569932,0.34917778007889083,0.04605802478685774
02438000,3,34.10621294,-87.9894765,0.9566154120490312,0.6745587957804884,0.1798178798630224,0.08590869632758101
02439400,3,33.79,-88.3152778,0.9966716274224046,0.9916221280474594,0.03032231573363831,0.0019143259699311375
02443500,3,33.51416667,-88.3952778,0.7537829228603041,0.7015373837550039,0.26370408761307473,0.04840305538923512
02448000,3,33.0723611,-88.5587778,0.8086431646724673,0.7789154171366459,0.044755825587994735,0.006510434816192318
02467500,3,32.5737822,-88.1933648,0.7122449919359123,0.7122449919359123,0.1934031034973262,0.01935405100300023
02472000,3,31.70694444,-89.4069444,0.32326002352393246,0.25717865659708367,0.09173425226950907,0.008578225406958294
02472500,3,31.42583333,-89.4147222,0.3651045036373658,0.31036673798814746,0.0873813033407272,0.004029424870006264
02473000,3,31.34305556,-89.2802778,0.7157584797301305,0.2866568578182234,0.18942434314740755,0.05256197619463671
02475000,3,31.10741389,-88.8083222,0.9944064232184004,0.9052178488455692,0.49863866768199533,0.10836667901350036
02476500,3,32.36777778,-88.6772222,0.09443905987253011,0.06371935212337923,0.020114771364906622,0.010361172789880631
02478500,3,31.1486111,-88.5480556,0.9999710078579428,0.9819620654789302,0.2657461034575575,0.05317184919662389
02479000,3,30.97805556,-88.7269444,0.9993950033171305,0.8258167500006075,0.39643350384787407,0.005258089803531676
02479310,3,30.61055556,-88.64138889,0.9074791041604677,0.6876755115444657,0.10359194764326105,0.0006395253726823679
02481000,3,30.5586111,-89.1219444,0.7232875567755876,0.7232875567755876,0.5966496211369336,0.26094601739108253
02481510,3,30.4836111,-89.2744444,0.20995225793958097,0.15131407923799703,0.08648323555578603,0.019855736976263964
02484000,3,33.0322222,-89.5777778,0.8545362558089733,0.6256525021813893,0.005250752560286925,0.0014107738497479586
02484500,3,32.7061111,-89.6719444,0.9232928596212147,0.8799744685767434,0.22880997237988557,0.03700955390503332
02487500,3,31.97777778,-89.8975,0.6811319106545513,0.6131603189507738,0.17570528360142704,0.02452028118256287
02488000,3,31.79083333,-90.1425,0.9381640946320379,0.896284330065652,0.12545043218065868,0.025116297323203654
02490500,3,31.17694444,-90.2794444,0.8649654320160727,0.8211511118787148,0.7211622979986831,0.40448530850225306
02492000,3,30.62935636,-89.8972956,0.9810671317157722,0.8891734782607406,0.33824585613741875,0.09375393438954238
02492343,3,30.57416667,-89.5947222,0.995839446734496,0.8933886758149884,0.5180476835953817,0.052239221925051024
02492360,3,30.6622222,-89.6861111,0.9981696877672006,0.8892518743259953,0.5738566187681277,0.20093249424449888
03010500,1,41.963398,-78.3861287,0.2953066674279471,0.027364004837130952,0.009242291654629427,0.002617860682382092
03011020,1,42.1568333,-78.7155556,0.9141582260234858,0.44003648937038,0.19010466276582497,0.006178823985533977
03029500,1,41.3306189,-79.2089298,0.8034700296857025,0.44466042634822456,0.23060774655475796,0.037638168884628787
03050000,1,38.809275,-79.8817342,0.44708529615844556,0.06832139908765215,0.02216428934548687,0.0018518618037435982
03051000,1,39.0292694,-79.93590799,0.8360039770267419,0.4796740916073449,0.11850337878157112,0.01572305047177288
03052000,1,39.03954454,-80.0681352,0.8462857217284941,0.4177930274175206,0.24129912617080093,0.013419109919115423
03052500,1,38.96398938,-80.1525806,0.6892767123266926,0.33644676223645376,0.13718830250829173,0.13718830250829173
03065000,1,39.07232928,-79.6228373,0.08361491861377296,0.03641943896996938,0.007373981704254601,0.0034244483546949193
03067510,1,38.6170576,-79.8697849,0.015412846715175312,0.013790283018521003,0.013790283018521003,0.013790283018521003
03068800,1,38.91316335,-79.770342,0.5171282649067696,0.15828557722915573,0.09429781649616065,0.09429781649616065
03069500,1,39.12155556,-79.6755278,0.3383062438062838,0.07864107271562197,0.030055576218647163,0.03336009168606512
03093000,1,41.26116735,-80.9542569,0.9999498313576207,0.9981314433503088,0.0773568996525788,0.0014075844765766305
03114500,1,39.4750762,-80.9970537,0.9782060610753642,0.8685344648462455,0.6452226258145091,0.29024216984279805
03115400,1,39.5631294,-81.2037236,0.9949547052781156,0.9115645558105462,0.40977418860611337,0.002740776240565729
03139000,1,40.48145387,-81.985979,0.9989317160343607,0.905290737633999,0.44650488536221544,0.07348093727224234
03145483,1,40.06888889,-82.5516667,0.9799496939426197,0.7391612827448647,0.06952020346503383,0.00741185885677158
03152000,1,38.9329722,-80.8382222,0.45929455948332104,0.3653361280025207,0.21983832272483028,0.12906510426872073
03153500,1,38.9217307,-81.0947567,0.2554618702963744,0.16607596965072052,0.08488427415955203,0.02064721689892503
03155000,1,39.0589686,-81.38956408,0.12161798184791155,0.06323003054489629,0.031090011898692465,0.009835613117299262
03164000,1,36.6473497,-80.978969,0.45307676469703284,0.2247051036730221,0.12103514506802879,0.051526967835526676
03165500,1,36.83484534,-80.9525807,0.37212699733716625,0.19458335515117264,0.1059360536315827,0.04335924989443172
03167000,1,36.93900995,-80.8872997,0.6293577056656545,0.1653354288458826,0.03564478803623648,0.007522689000524709
03170000,1,37.03762635,-80.5567239,0.6568296663237275,0.1867507587631978,0.06251070111726766,0.01887949758721716
03173000,1,37.26817845,-80.7095125,0.7430344330820016,0.5781363773414908,0.16973054967276477,0.030846914468675483
03175500,1,37.30567654,-80.8497993,0.5025192160468231,0.2980471197582446,0.058456159329250766,0.0176507110807045
03180500,1,38.54372659,-79.833115,0.4038863798747206,0.20993262455636874,0.040548220091099,0.006754501346037429
03182500,1,38.1862222,-80.13,0.38521832776611614,0.10505515837636004,0.026952468521755854,0.0010444328388877194
03183500,1,37.7242874,-80.641468,0.9715843171104507,0.5171669357624551,0.3094842265057961,0.09336479899073845
03184000,1,37.64012018,-80.805083,0.6192297170631198,0.19802913731846886,0.049507760596280474,0.008708553597378883
03186500,1,38.37899915,-80.4839737,0.702679675882155,0.44226736432274405,0.2551967886586341,0.07956009111522248
03187000,1,38.36594285,-80.6009232,0.25409649333306555,0.15274027312451463,0.04598037044477688,0.025220692390953214
03187500,1,38.2953903,-80.5264749,0.042527610144765304,0.020337047450804953,0.017559048334840663,0.017559048334840663
03189100,1,38.29094494,-80.6409242,0.25593457921255225,0.10333855281556655,0.0374751460998842,0.007411253879205742
03190000,1,38.1126125,-80.8762069,0.6184870647454315,0.17187308726843248,0.07292434276905493,0.01707784290901906
03194700,1,38.59732627,-80.4903644,0.5522687830147034,0.21051134780216124,0.06743047398545754,0.011612098357638542
03197000,1,38.47203988,-81.2841933,0.7097998595705457,0.4833705625773418,0.17918709279505698,0.030250805546008574
03198350,1,37.9662186,-81.524278,0.31122251679090973,0.21601265677001827,0.07527400744796363,0.01618248398709127
03202750,1,37.62316608,-81.7073342,0.5547466204015565,0.2807266761996516,0.12936556602233662,0.042021395757691114
03206600,1,38.0118333,-82.3059722,0.8494700074434159,0.604429386454843,0.1390332781229964,0.011213535840135359
03207800,1,37.35371995,-82.1956935,0.18060825370789452,0.0969168233908387,0.04088222083649405,0.018157600101605484
03208500,1,37.20705367,-82.2956993,0.3154163424471338,0.24815821784119857,0.08038046373187625,0.020752133905487902
03212980,1,37.39538968,-81.8026142,0.8773164026258798,0.5021619949654165,0.012052389492252789,2.585589798921284e-05
03213500,1,37.44555556,-81.8711111,0.4836501417081221,0.17324221017533933,0.05436992503362026,0.005329124291448104
03213700,1,37.67311758,-82.28012402,0.4903488453779675,0.41227465205752034,0.256368119190622,0.08047594649966615
03217000,1,38.5642453,-82.9521158,0.8075433615822274,0.3422371466278196,0.18994671402840055,0.07681258482464784
03237500,1,38.8036838,-83.4210226,0.9951940516798103,0.7980921609983516,0.10026548386112216,0.05924776918845567
03248300,1,37.73064817,-83.0579478,0.7432982646705946,0.271619973715216,0.08538394656766776,0.02175565625716261
03250500,1,38.4200749,-83.9974261,0.5372894339767801,0.48645938809484834,0.0,0.0
03251200,1,38.5947955,-84.0202056,0.9896788340006097,0.713334628017805,0.13004426815967596,0.013472164819470927
03251500,1,38.60007244,-84.2663239,0.24618602948657298,0.20638376957649132,0.12965894468521622,0.05610787666096361
03277300,1,37.11759849,-82.82460429,0.42813196657997504,0.24505509343929066,0.1321284977194269,0.06883880626028567
03281500,1,37.47981018,-83.6751923,0.9196618101695752,0.7431629099732532,0.5443098761541514,0.2986900694285323
03282000,1,37.5531418,-83.7693625,0.9972249997671114,0.7793595481759019,0.34038928503149074,0.07005527687955923
03282120,1,37.6783333,-83.9483333,0.9961320584066075,0.7253503189725223,0.24352555103108658,0.016319390451183455
03283500,1,37.86480329,-83.9335328,0.9253040564901075,0.7268239827733891,0.555314775296892,0.16114055495480775
03291500,1,38.7064538,-84.8248089,0.8171746859134628,0.4628504959715967,0.050230731732847846,0.006889355511010864
03319000,1,37.5475514,-86.7216546,0.35708866394326894,0.28191232811130074,0.13741685834164158,2.6922838423035565e-05
03340800,1,39.81253498,-86.95388289,0.9229713350183595,0.5791865244634601,0.2348971894561316,0.00918339396259963
03364500,1,39.2747637,-85.7016201,0.8708313443341075,0.346671405552032,0.04524735387963321,0.005735718880169438
03368000,1,39.07032188,-85.4860578,0.9999994945979066,0.8347737993107204,0.21597849381553197,0.0014098516968571633
03400500,1,36.97398059,-82.99294,0.515795008989283,0.1655361528527636,0.014549410207479794,0.0002861542703145307
03404000,1,36.743417,-84.1560449,0.971880106123877,0.7907942851780226,0.27245876166852034,0.0742814429151479
03426470,3,36.28448937,-86.706331,0.5701037068934427,0.0002949458254867139,0.0002949458254867139,0.0002949458254867139
03431599,1,36.2176545,-86.8202207,0.8734000509472317,0.3045270991571935,0.08553526652574908,1.1593316544082045e-08
03431800,3,36.3200218,-87.0511943,0.7224629366925471,0.17255461851223622,0.0724016749300212,0.0724016749300212
03432350,3,35.92084908,-86.86548879,0.6748912338511828,0.09209730817620568,0.009654654839511709,0.007182857560988214
03434500,3,36.1220369,-87.09888769,0.7059791284844942,0.5903089624838165,0.23592041416671744,0.055015209638276594
03439000,1,35.1433333,-82.8247222,0.8527626898255066,0.5661654356986068,0.09068303330949845,0.03241126871207952
03441000,1,35.27305556,-82.7058333,0.8803621339973394,0.5787791826847719,0.024714818402347443,0.007284154372258975
03446000,1,35.39805556,-82.595,0.30341274450614103,0.18687664111179522,0.0020839259012264684,4.888961106798343e-05
03455500,1,35.3961111,-82.9375,0.2093595356147969,0.10606738603468288,0.0050628337106429395,0.0050628337106429395
03456991,1,35.52194444,-82.8480556,0.6182938858572844,0.19493946703545045,0.0931694410475354,0.040374652015497434
03463300,1,35.83138889,-82.1841667,0.32937417555287063,0.1751765750306775,0.05983422657165149,0.016842088948268743
03471500,1,36.7603931,-81.63122929,0.7851554567133168,0.18563131489868054,0.021325036405861066,0.00229457456588911
03474000,1,36.80733756,-81.6220617,0.09021443644032934,0.049362705545123085,0.024759565354156424,0.012559462003026583
03485500,1,36.34452955,-82.2101245,0.5137051598974618,0.04148494979561862,0.018633997382620903,0.009018720623499978
03488000,1,36.89678115,-81.7462293,0.42720859805292954,0.1976869615767863,0.08115662987274233,0.0312591396616653
03490000,1,36.60871119,-82.567931,0.7635694253457932,0.4648455917101363,0.13989984685218185,0.02876948946500012
03491000,1,36.42620656,-82.9518304,0.858694557511711,0.27842009117898353,0.11846688923685507,0.04756302031614783
03498500,1,35.7856337,-83.8846022,0.720971066729338,0.3731865064320697,0.13350105139106463,0.037568661463825426
03504000,1,35.1275,-83.6186111,0.9393780827635322,0.010172213323936757,0.010172213323936757,0.010172213323936757
03512000,1,35.46138889,-83.3536111,0.22783046628717338,0.1607392918493215,0.03384784986811146,0.018048082185186536
03532000,1,36.5425219,-83.6300294,0.6894022470236821,0.5351425365788969,0.2688145922626697,0.14076099942078102
03535000,1,36.11441319,-83.9881737,0.78253333540879,0.4717855833736732,0.015942143243172748,0.010899587756515637
03543500,1,35.5813165,-84.7480508,0.6306334266873079,0.6306334266873079,0.24971482547824542,0.0730478399515433
03544970,2,34.8836111,-83.7223056,0.6541697401118047,0.21955063715836323,0.0,0.0
03550500,2,34.84194444,-83.9358333,0.3968318405000209,0.15786577266248128,0.014423925767006494,0.003165615462550259
03558000,2,34.79,-84.24,0.16109987344154242,0.019538634572301282,0.0012876109055279352,0.0012876109055279352
03571000,3,35.2057214,-85.49703019,0.9708810728474231,0.837471008716524,0.022874935241505884,0.006264769051640202
03574500,3,34.62428955,-86.3063635,0.9986481876395613,0.9928596556548404,0.6424510047051857,0.0579562952135694
03575830,3,34.6973134,-86.6999967,0.9849700740541977,0.8282272637129013,0.031480546820812964,0.006488665942368892
03578000,3,35.296828,-85.869736,0.6675211188147017,0.008028238325299262,0.006489260751983687,0.006489260751983687
03588500,3,35.02415329,-87.5790219,0.89909641227435,0.6017105989016557,0.2296752390489038,0.10193676525655271
03597590,3,35.52729537,-86.340271,0.9860705681148355,0.17312561932269246,0.024114490247337122,0.011852971438172195
03604000,3,35.49590598,-87.8328037,0.6261189530697647,0.22129048707459123,0.08919800774920765,0.01537557983093704
03604400,3,35.8118428,-87.77875039,0.9824559480600646,0.8051058299859363,0.4493039649624229,0.15422120460942162
04027000,4,46.4866144,-90.696297,0.4444421728897845,0.09666542338590534,0.04639602233212157,0.02236546555691308
04031000,4,46.5113361,-90.0746179,0.2689846114213695,0.2778258049671022,0.05691487910498326,0.008786623861673962
04033000,4,46.3568916,-89.0765285,0.021080632001439628,0.014285297483307055,0.014285297483307055,0.014285297483307055
04040000,4,46.7207742,-89.207086,0.014983141720008811,0.012105078559949009,0.00800501499273047,0.003498839829751117
04040500,4,46.58410589,-88.5759697,0.023782470118094978,0.003259764581842281,0.0006086559659229916,0.0006086559659229916
04041500,4,46.7258333,-88.6624167,0.8773246104432797,0.7697654129618287,0.08084607834157007,0.024605195595211786
04043050,4,47.22853637,-88.3853928,0.43210991990792247,0.1959557804180836,0.04155892257758167,0.04155892257758167
04043150,4,46.80409698,-88.3170724,0.06875473605390524,0.03844690877372051,0.028760747543398375,0.028760747543398375
04045500,4,46.5745833,-85.26963889,0.12029830520630166,0.06595876724175503,0.025652743778066076,0.025652743778066076
04057510,1,45.9430235,-86.7056997,0.7163184455748373,0.1647670690199721,0.010048089731238613,0.010048089731238613
04057800,4,46.49910267,-87.8865238,0.4230993760177097,0.26603345377299736,0.047504635101980934,0.013182494860841247
04059500,4,45.7549674,-87.2020793,0.015433369224710797,0.0037090585898485076,0.0012872151667271113,0.0012872151667271113
04060500,4,46.05856639,-88.627354,0.04308602469366126,0.04308602469366126,0.04308602469366126,0.04308602469366126
04060993,4,45.96078737,-88.3159663,0.12622474975936931,0.011796780059437005,0.011796780059437005,0.011796780059437005
04066030,4,45.4819444,-87.8022222,0.5708770479759514,0.09230963285425395,0.024860262548886142,0.017010550713968318
04079000,4,44.3922026,-88.7403812,0.9501148951991476,0.6008953396338318,0.10349623137559961,0.02557440815847639
04096405,1,42.1031014,-85.0799764,0.4730890064000628,0.19959019667603864,0.010546794483021349,0.010546794483021349
04097500,1,41.94032575,-85.6327707,0.8579711775924375,0.5727226716378311,0.11632287999960432,0.009120765366800499
04111379,1,42.6830899,-84.2191329,0.7436028984942964,0.06687404132983618,0.01317433858936118,0.006819123608475454
04117500,1,42.6158688,-85.2363933,0.9552901107056097,0.49923964479868194,0.09720105241600875,0.016263854119957972
04121500,1,43.8991863,-85.2553192,0.7716523978133619,0.2706836670068662,0.12339174951797363,0.047275306462013944
04121970,1,43.43474558,-85.6653239,0.7741076976200362,0.40307620921166776,0.08375727306505573,0.02868059010253505
04122200,1,43.46417856,-86.2325668,0.7296392287865285,0.23867925033810486,0.03439321733233428,0.012014902504335425
04122500,1,43.9450063,-86.2786896,0.6753368749774483,0.12235471970928377,0.0147325452611334,0.004193573504237631
04124000,1,44.43639239,-85.6986792,0.8819218723253714,0.3940497127727458,0.05135106027606795,0.002734078297869344
04126970,1,44.65667,-85.436731,0.31247968522425373,0.0019643618938692204,0.0001155778723621405,6.586124466657076e-05
04136000,1,44.6769593,-84.2925146,0.19181562236881763,0.04005463748445396,0.006039852698684186,0.0007337794237861831
04148140,1,43.0336381,-83.5813417,0.8237067216494991,0.23218799100192933,0.05424708506264269,0.00943504682911473
04152500,1,43.8794687,-84.4738977,0.3120854409571652,0.12511778249407118,0.033582527486751626,0.020055760518197394
04173500,1,42.30028711,-83.89822356,0.8655560142645865,0.11268596441582748,0.014195101695472622,0.009848085141882283
04184500,1,41.6594951,-84.2491148,0.9975060967751164,0.9255551589916686,0.570511293869885,0.2594340923715573
04185000,1,41.50449567,-84.4296719,0.9989449294407133,0.9903821146268919,0.5084602142944986,0.19600050030722763
04188337,1,40.9244986,-83.5571508,0.6670884247475342,0.15472415291337185,0.07285674025577128,0.03058801004538665
04214500,1,42.8546111,-78.7564167,0.8775742483996865,0.5047776987694298,0.17028092355766714,0.03740731151214322
04215000,1,42.8900833,-78.6449444,0.9995728803559001,0.5420378551730681,0.03618626134875671,0.0008533922156712112
04216418,1,42.86469444,-78.2834167,0.9800331893411593,0.2761215510849492,0.030553213934654582,0.0034898713981117166
04223000,1,42.57019444,-78.0419722,0.5462211571133483,0.32275859700467646,0.053408328526651755,0.01653632570304256
04229500,1,42.95702778,-77.58888889,0.5742575147262692,0.3401479769492074,0.17655770390467157,0.028579206282719923
04230500,1,43.01,-77.79138889,0.8913610804570017,0.49634021751814716,0.1759776477926696,0.04871569170349387
04231000,1,43.100556,-77.882472,0.9190343597640597,0.6310810621041698,0.3225966484286515,0.15808062188796637
04252500,1,43.5116111,-75.30677778,0.9882142945436835,0.21424312528123696,0.032833830040005285,0.0035163126943505802
04254500,1,43.61030556,-75.1099444,0.5190549597502898,0.15225999671943666,0.08295560085086363,0.026437282886787025
04273500,1,44.68172222,-73.47097222,0.394919379346768,0.17374635545773953,0.06481129817375965,0.006893211242398584
04275000,1,44.438222,-73.681,0.8669113451029281,0.6207170769425191,0.20821288365382065,0.060326148671071486
04276500,1,44.35847222,-73.39455556,0.3781521688780115,0.2699929015667152,0.053231330101398106,0.008419957104208694
04287000,1,44.1825606,-72.6406655,0.3092038004014525,0.18358873986867547,0.062131534381029425,0.036288152347191724
04288000,1,44.2772802,-72.7426163,0.6526535423345319,0.42588674696468615,0.15696719479726223,0.056707447616232656
04292000,1,44.62286096,-72.67633099,0.9029448170195994,0.37867976483994104,0.2298833912823921,0.06989990999151603
04296000,1,44.8689363,-72.2701041,0.712922084797786,0.25082115524037474,0.0472105421360968,0.005731058589449065
05059700,4,46.6216388,-97.5739851,0.3966255241135597,0.3240146448897086,0.1181678164418062,0.028589749401343546
05061000,4,46.851975,-96.32912,0.47659129912095893,0.3955198651925833,0.23944972471496165,0.023311082086410785
05062500,4,47.26555556,-96.2475,0.2558369349925252,0.184254176393754,0.09371531484755223,0.039152992684121334
05123400,5,48.5877399,-100.4416083,0.006878922323993132,0.006878922323993132,0.006878922323993132,0.006878922323993132
05129115,4,48.265068,-92.5654257,0.5272952478762162,0.12613481142265498,0.005518105163072312,1.2197500816683084e-06
05131500,4,48.3954278,-93.5496852,0.10245461024024129,0.06401124596095842,0.03921875218268722,0.03290483191609237
05379500,3,44.13175,-91.5530278,0.8940280921179051,0.6905867923543787,0.5702308597711719,0.22706194880477137
05385000,3,43.76857719,-91.5698654,0.621338311961008,0.3513601521128428,0.07188886053820495,0.00795074363681453
05387440,3,43.40691316,-91.8990464,0.4611635643947806,0.2491695558850637,0.16886912074830082,0.056889262988947
05387500,3,43.3048888,-91.7955429,0.24815920938494487,0.08519626823771896,0.05596674304412613,0.03350517254791199
05388250,3,43.4210841,-91.5087519,0.8237816924700827,0.3923600839592641,0.13884767209127008,0.06652896663281967
05393500,4,45.44916667,-89.9791667,0.8860335317222598,0.06598689020391822,0.0029223826388105867,5.8554346921808266e-05
05411600,3,43.20727778,-91.9503333,0.7623195770304717,0.5502093415814353,0.34813156911354876,0.19663139371936553
05411850,3,43.0541879,-91.8090983,0.7948186978177196,0.48101505796584154,0.31561597271263186,0.1957642534180294
05412020,3,42.84348517,-91.4012767,0.7172167873066037,0.5332128371424405,0.293381107110282,0.1589503200386474
05412400,3,42.7538753,-91.3690252,0.8005498997360704,0.5805540878122191,0.3038675373373462,0.13682698144372527
05412500,3,42.7399884,-91.261799,0.8588711602671752,0.5387549147458245,0.28288106978092076,0.12287469473813875
05416900,3,42.4699878,-91.4487147,0.6621248857819529,0.4923572366959482,0.2809193990486729,0.14810630077143783
05420680,3,42.83609167,-92.2574,0.6228711895682147,0.3967673912676804,0.22184245938127425,0.11531487795613199
05421000,3,42.46359796,-91.8951722,0.47971859589109017,0.2945612903135206,0.22749482212156769,0.13336655493154015
05435500,3,42.30027778,-89.6152778,0.8598513305627914,0.663874457365723,0.47753401949672875,0.14582172090928622
05439000,3,41.9311111,-88.7597222,0.42950622798835947,0.22490209971960154,0.1311188108037672,0.04996356456102088
05455500,3,41.4697387,-91.7146129,0.7768366963380217,0.7076801812157206,0.5275063473345559,0.29247821730416695
05458000,3,43.03327778,-92.5035444,0.6885048708157535,0.4673185148281172,0.23730922892016684,0.13626723532070656
05458900,3,42.62942778,-92.5435222,0.6896747428245669,0.15271765053322595,0.0970203273574837,0.03296866947741554
05463000,3,42.572,-92.6182778,0.4200370740488806,0.18716810779813284,0.06116803395559581,0.02432769965560446
05463500,3,42.40776389,-92.4632472,0.7275325426891283,0.6385926835117067,0.5110520842589293,0.022311571829063136
05470500,3,42.02255556,-93.6305,0.3603079003954863,0.23134330447669357,0.07036790404265979,0.03450756764183064
05472500,3,41.30084444,-92.2046222,0.7756218822287546,0.6883038355220251,0.5607389688974911,0.2849253265211941
05487470,3,41.33788889,-93.4864167,0.18472586842290833,0.08496474895870552,0.06335865774961424,0.03339299175248104
05489000,3,41.2191111,-92.9088333,0.7037251158093605,0.20803863694950614,0.04544943691594834,0.018743464618912645
05495000,3,40.39241667,-91.5978889,0.625010959889624,0.548632453995928,0.2782618263443563,0.1075648171527948
05497150,3,40.01890278,-91.6223417,0.9811900453985681,0.9254010926521082,0.49622357840315395,0.2763002585223313
05498150,3,40.028933,-91.7057179,0.9780836860894179,0.900378381184236,0.5184458108948541,0.25131644287228383
05500000,3,39.8974722,-91.5802778,0.9318056350720365,0.7144573026480907,0.21872608893974962,0.020235363900721257
05501000,3,39.817,-91.5460278,0.9166844805653899,0.8310435696225895,0.6140326290368038,0.13259806538443902
05502300,3,39.82988889,-92.2304444,0.9169561053642002,0.8505605975945959,0.6380618050295834,0.09308288279972797
05514500,3,39.01130556,-90.97775,0.9234514162706005,0.8563579238701392,0.4807512117467628,0.12329154148502354
05533400,1,41.70777778,-87.9627778,0.5573004015797858,0.21378815074009466,0.01748350537644228,0.0019088366294914621
05540060,1,41.8564083,-88.2041611,0.6306926007687045,0.4129336041245636,0.04278329074064753,0.012870710905622968
05549000,1,42.32069444,-88.31263889,0.020535228921874888,0.002348735750985805,0.0013246034374805266,0.0013246034374805266
05550300,3,42.05866667,-88.3040667,0.5307938976451988,0.2873337209208712,0.14532709706315655,0.0994698660642497
05551675,1,41.7408333,-88.3833333,0.27695452243194724,0.03613385789251246,0.004634713368538112,0.00104909265289997
05551700,1,41.6718722,-88.4414861,0.8393605323360404,0.7403578940733251,0.007242381550076424,0.0009878588436604279
05554500,3,40.8778333,-88.636,0.3913661954832215,0.2968587862831717,0.2178474629072904,0.07153502475451927
05572000,1,40.03116667,-88.5891667,0.986808487785954,0.9058518617858583,0.20492507947951538,0.021293356929507623
05584500,3,40.33152778,-90.8961944,0.8514601903813656,0.8186167307995668,0.6536337379562519,0.3654715466486734
05585000,3,40.0250833,-90.6310556,0.8587412777460767,0.5946971728730044,0.5232155548619739,0.1710657583426354
06025500,5,45.52658056,-112.701725,0.6942293964781725,0.42870228770056473,0.12660812954466152,0.07109643847326413
06026500,5,45.613283,-112.329397,0.20684612906609237,0.09167476720172328,0.03853440729644957,0.1393302926505952
06043500,5,45.4973,-111.2707083,0.5846905089282095,0.15823872956430887,0.008112821755165617,0.0011011321060552498
06073500,5,47.199025,-112.0959056,0.42144808633545144,0.2594631019114155,0.08669660267038999,0.015161580007581592
06090500,5,47.20859444,-110.93174722,0.3751118253835567,0.1868012128364396,0.09359011717721,0.09359011717721
06130500,5,46.99469167,-107.8891639,0.3302323428652476,0.1412826067828649,0.0716975233428784,0.03748720136677636
06139500,5,48.52671389,-109.8415778,0.33127894793731455,0.38036249144325857,0.13266944455493737,0.05177528390218962
06142400,5,48.5788694,-109.3911306,0.3974352239701042,0.26346233068634695,0.17121873002876367,0.09755754369004073
06167500,5,48.4203111,-107.1711389,0.46962888102024175,0.3810944867487359,0.2607188191067926,0.17873951859276455
06186500,5,44.56709167,-110.3804056,0.06371753297901524,0.008199624380453501,0.008199624380453501,0.008199624380453501
06218500,5,43.57856415,-109.7598835,0.6375149923296329,0.23609827660467778,0.05442964485105449,0.007083021776957576
06279940,5,44.4714444,-109.4183528,0.4001305138022222,0.20549050117798354,0.03867487398893557,0.022172102157962875
06281000,5,44.41907987,-109.2579755,0.2840451162809167,0.05418534199681037,0.0061909470648094,0.00012876875772541434
06331000,5,48.2844683,-103.5729718,0.5369012927361353,0.29872831540827766,0.0999373836728507,0.034978934707212084
06334500,5,45.5481343,-103.9712386,0.5166093059654763,0.39512866843918193,0.01660496417590429,0.0
06336000,5,46.91684167,-103.53228333,0.3742251244956769,0.2342102268672699,0.10326946484941744,0.05606573444540754
06337000,5,47.59140556,-103.2526667,0.29189732368081295,0.1604140748778179,0.030636722499314806,0.003209697033031514
06339100,5,47.2361259,-102.7699074,0.5039380376704876,0.307039289461653,0.0,0.0
06339500,5,47.1543948,-102.0599856,0.09170308995506872,0.05818768382003882,0.03033710378138092,0.008101669988110596
06340000,5,47.2861188,-101.925726,0.3492546637649154,0.2288964337680428,0.08832385410198718,0.05216556679485354
06350000,5,46.42667116,-102.5518303,0.06699628587654631,0.04069586591706105,0.0310247453533799,0.0310247453533799
06353000,5,46.09166988,-101.333742,0.13882496970533603,0.0736433294953916,0.03843693199104627,0.019877046230776206
06354000,4,46.3761111,-100.9344444,0.7234767576341313,0.5098804741013899,0.03596130735322985,0.006657087026572125
06354580,4,46.2685687,-100.2526914,0.4448736975723624,0.19773582704255396,0.08177285394408258,0.03683065344756242
06356500,5,45.6486883,-102.6433259,0.057760509843498856,0.028113965223896913,0.028113965223896913,0.028113965223896913
06359500,4,45.19775826,-102.1565472,0.21580412633513663,0.14578919640909604,0.08720072070942936,0.03836312034109888
06360500,4,45.2558171,-100.8429214,0.1875930220641154,0.15923274907497253,0.09778523328346285,0.056623084736159554
06395000,4,43.3055286,-103.8210312,0.3884391901161936,0.23811976265487433,0.04740744974703465,0.00380809119183833
06400000,5,43.2399736,-103.5882519,0.09080597658493199,0.015494485100965195,0.006419263475064572,0.0051637188353193106
06400875,4,43.18803166,-103.2265866,0.2513609524281686,0.08826940681909298,0.04739409735018534,0.023714211181847425
06402500,4,43.4666495,-103.3060308,0.3974178031323437,0.22363024831071315,0.18086008720411786,0.18086008720411786
06404000,5,43.87164727,-103.3363029,0.10692256409727705,0.06135516592514515,0.018620571645776414,0.0065438582439213055
06404998,4,43.76110028,-103.3640816,0.48292320238548464,0.1257571664601597,0.09136361163743469,0.04851013080823281
06406000,4,43.82804586,-103.1960211,0.3710563488667367,0.3076106422149945,0.20753707614724257,0.08337845739522165
06406500,4,43.72543145,-102.9061231,0.23679631806020437,0.12398062434696751,0.058814262848346406,0.058814262848346406
06407500,4,43.97871038,-103.3460469,0.45655906217303693,0.18253481894490484,0.04528231873997274,0.02722466610298611
06409000,5,44.01359238,-103.8304784,0.04705152099897045,0.008459396666277045,0.008459396666277045,0.008459396666277045
06411500,5,44.07665378,-103.482134,0.026505320908239177,0.026505320908239177,0.026505320908239177,0.026505320908239177
06422500,5,44.1443339,-103.4545385,0.0816721993257398,0.04147369083259659,0.02413803851518572,0.015078508965374899
06423500,4,44.08109849,-102.4012746,0.040833491059122505,0.005459286500735831,0.029803042444864564,0.0030777306841506054
06425500,4,44.24831768,-102.5032217,0.3873509666262168,0.22856809567541686,0.1685773292837203,0.1205042104937852
06426500,5,44.32188385,-104.9406108,0.2688645103924771,0.1916706218693548,0.12766917031687064,0.0012279112756421878
06430500,5,44.5718625,-104.0536449,0.061246352605250555,0.03382664571929024,0.03382664571929024,0.03382664571929024
06430800,5,44.32749778,-103.894532,0.010742864620844986,0.010742864620844986,0.010742864620844986,0.010742864620844986
06430850,5,44.3496865,-103.9359118,0.012536374451184377,0.00923298643012965,0.00923298643012965,0.00923298643012965
06433000,5,44.66720665,-103.8393696,0.07402068175973446,0.03829648362187753,0.02865945753034942,0.031040410464371785
06437020,5,44.3355403,-103.6354716,0.19386413414719517,0.035482793087511226,0.012903081317875981,0.007450978662187845
06439000,4,44.74304495,-102.0534948,0.1442160139577909,0.07668983316223184,0.04691216239554983,0.014558546250666703
06440200,4,43.9690175,-101.767229,0.5092672396444151,0.30055838696531045,0.045657930354633655,0.017942313104692402
06441500,4,44.32662738,-100.3843468,0.29456600080414946,0.2528323759869761,0.12520199959077144,0.0815500538664759
06445685,4,43.013036,-102.8357327,0.2948374251723442,0.20324424056436075,0.06320479657803393,0.046867543660207185
06446000,4,43.25484357,-102.8273511,0.2898327060807937,0.1798734179895715,0.12725070984204195,0.0067061747574880095
06446500,4,43.69388346,-101.9326516,0.5411398347836255,0.15693073287240358,0.14411784940242994,0.06858872732759719
06446700,4,43.53666558,-101.7985923,0.13344334015787676,0.038650769487518874,0.006176573380934749,0.006176573380934749
06447000,4,43.7524949,-101.5248665,0.46275992900211904,0.3456954799701675,0.23258337207896312,0.05292270197546243
06447500,4,43.1669155,-101.6327322,0.140439872520452,0.07717976079132993,0.05113215902307984,0.02766909693448502
06449100,4,43.10069918,-101.232234,0.07356461453307199,0.02853237650961302,0.015067046166752434,0.009355085309911597
06449500,4,43.3255586,-100.8837556,0.19773048932729853,0.07854441143107295,0.03725138083785758,0.021132121149613322
06450500,4,43.60138549,-100.7498608,0.05710544582307023,0.03434167460954559,0.021223090818205857,0.02715419594387799
06452000,4,43.74832745,-99.5564948,0.544626885618647,0.29260441234274126,0.042126601602233214,0.016143870116211975
06452320,4,43.3272192,-98.9706446,0.11101372333741703,0.07603033277113103,0.052276177618000116,0.034633635631083765
06453600,4,42.81086111,-98.17539722,0.4070999376682553,0.28559901351577405,0.1678944683862755,0.06325505009130544
06463500,4,42.68963611,-99.67944722,0.07873889700649604,0.041915470165847665,0.024266559030062407,0.01498705265473812
06464500,4,43.0270872,-99.780921,0.07761398678480097,0.026592931536280326,0.01310203728615971,0.008903655789647445
06466400,4,42.61573056,-97.87807222,0.09156838082269793,0.04016141496331694,0.012816571148759563,0.012816571148759563
06468170,4,47.5580525,-98.862885,0.3296443543678908,0.18083485110895076,0.086109382680255,0.05542154012726818
06468250,4,47.3997189,-98.7976057,0.42065517931506113,0.3058182727604563,0.15006859537833703,0.07338149193638512
06469400,4,47.1674635,-98.9690423,0.32421558442880244,0.14850898442739363,0.012017385986190838,0.005920112599242319
06471200,4,45.93886156,-98.4526004,0.29418542889268207,0.2235944996250756,0.07735707494083513,0.0472882751389101
06471500,4,45.6560866,-98.4970402,0.22026704597425012,0.20249101303817546,0.15202634607522497,0.09831657174115005
06473000,4,44.99830768,-98.480927,0.3329477912260695,0.2368848570452587,0.1982203450199732,0.129917694419737
06475000,4,44.91053097,-98.4720386,0.18075047385145096,0.16652079238110903,0.10622308619096751,0.0644854129296631
06477000,4,43.9738721,-98.070916,0.5533100123045344,0.4417223276851631,0.25209369414867605,0.04129609596144364
06477500,4,43.77640219,-98.2456658,0.4833555086573982,0.42039511473599256,0.1386348120356654,0.06957647606490136
06478690,4,43.415639,-97.204861,0.3452693280325395,0.2904630128613668,0.22226181008054877,0.07982759932592104
06479215,4,45.18079549,-97.1861904,0.6024846069526063,0.31480474483552945,0.16983721189385412,0.07757923859270312
06479438,4,45.0060753,-97.1650756,0.43605439788742845,0.23773359579313164,0.09945255813908749,0.026766507863972135
06479500,4,44.94246436,-97.1461856,0.4161782514851823,0.29184780777355673,0.13681668554822177,0.016505466802346463
06479525,4,44.7315478,-97.0446518,0.7314561609187678,0.602238619252576,0.2656767728638037,0.0038005039095663673
06479770,4,44.4675224,-96.8874204,0.6774676293355407,0.5099324375114561,0.22769921816519978,0.006279274444706097
06480000,4,44.1802473,-96.749496,0.6074178086995438,0.5290910322555613,0.3847652575665209,0.005482706380443593
06481000,4,43.79044595,-96.7456623,0.5088415559358064,0.419703998088818,0.2223925141516298,0.1330562436133774
06481480,4,43.8481959,-96.8368313,0.14539817405016142,0.05644529597987235,0.033188798529369165,0.033188798529369165
06481500,4,43.53358676,-96.7908849,0.38082908934993226,0.23309541508376583,0.09007672357738612,0.0509185220693237
06483290,4,43.42313889,-96.1649167,0.8277143021848773,0.6336795522776364,0.3859058099452545,0.22848245741380668
06483500,4,43.2150833,-96.2950278,0.4690431825122195,0.32367920443069825,0.24680153611860453,0.12018547168100106
06485500,4,42.8375091,-96.5619306,0.7448200318805933,0.5902647327380028,0.38322913117417123,0.20919246501927918
06600100,4,42.98280556,-96.0003333,0.5860483030553324,0.4452614540626385,0.2425648332075191,0.04666379525073644
06600900,4,42.14819167,-96.48358056,0.3179944857809021,0.24857691709320254,0.14478909400245923,0.10797539312047498
06601000,4,42.32140833,-96.48793056,0.16436673607882513,0.12398163372146963,0.05547685462812451,0.04810532690800713
06605000,4,43.12766667,-95.2104444,0.8082466695475673,0.7195482297056017,0.5481758502656295,0.3838423392270654
06709000,6,39.43831639,-104.98306724,0.32215496021672185,0.22022533919046783,0.09139703231893599,0.05721881484523142
06712000,6,39.3558234,-104.7633092,0.17915109734194554,0.05642128414227642,0.05964927432285822,0.05964927432285822
06714800,6,39.68720955,-105.7002821,0.02886637294804014,0.02886637294804014,0.02886637294804014,0.02886637294804014
06769525,7,40.72898611,-99.39861667,0.5458562607679458,0.4771800252456319,0.3394434554386635,0.014147473963285757
06772898,4,41.29734722,-97.71403056,0.3745462949656774,0.249942870246477,0.07556465887921372,0.07556465887921372
06773500,4,41.32923333,-97.67545,0.30033744538132173,0.19211253779890589,0.001617867782105233,0.001617867782105233
06775500,4,41.83110278,-100.10086667,0.003002606191881,0.07445102401617153,0.07445102401617153,0.07445102401617153
06784000,4,41.03232778,-98.74045556,0.2107630774178793,0.1644844776765609,0.0165128643747531,0.0165128643747531
06785000,4,41.20394444,-98.44635833,0.07686278485445237,0.00644721615422856,0.012137827711786653,0.00404356812551953
06786000,4,41.77693333,-99.37970278,0.08599511620985888,0.01374721344648572,0.0016564565181561184,0.0016564565181561184
06790500,4,41.26334596,-98.449236,0.1852166324427567,0.18822257133250922,0.02458210829014174,0.014225770118882645
06793000,4,41.41751389,-97.722925,0.25597171637908317,0.2635026954115292,0.08475285800955024,0.03803221671052481
06794000,4,41.44065833,-97.73466667,0.2928196659952183,0.1582393588580793,0.062377549859321965,0.02466711911635368
06794650,4,41.35194444,-97.4033333,0.6565330276843452,0.35091038521942647,0.019440407739092246,0.017031027961346885
06795500,4,41.52596389,-97.28159722,0.28425845737734007,0.21447886963126347,0.17413921721439443,0.016033428059566854
06797500,4,42.26858333,-98.33955556,0.14941309425833554,0.08825024424639896,0.05201428636777633,0.012515575377363695
06799000,4,42.00377778,-97.4260278,0.12214077949532183,0.05816845226812373,0.04057474793771929,0.005946726991227603
06799315,4,41.99499444,-97.05880556,0.39147035704360256,0.14053575822821798,0.05138898952902999,0.029962898439339226
06799350,4,41.83963611,-96.72741111,0.5467279446764243,0.2977000481299168,0.015447973509050807,0.0057410978459195
06803510,4,40.893219,-96.681672,0.24557828198940065,0.13269922651753524,0.026305383576860793,0.010039627745481904
06803520,4,40.857167,-96.595128,0.33993543649175634,0.2568299937519701,0.0021029161195941374,0.0002366242776114843
06803530,4,41.015853,-96.544561,0.2617987587969594,0.18976257610473662,0.12358860997557139,0.11308258588143505
06813000,7,40.33941667,-95.4068333,0.9234277239776567,0.7827314499197233,0.7454172635120565,0.28230432896514485
06814000,7,39.9477773,-96.1086149,0.6723653979210679,0.45463940285866833,0.14479955163130748,0.05366653823826036
06817000,4,40.7432222,-95.0145278,0.2616431719796128,0.11990774639973568,0.02396885034803139,0.011922288005471206
06819185,3,40.6609722,-94.7163056,0.7353790822899581,0.0,0.0,0.0
06821500,7,40.017733,-101.995956,0.4060208085469855,0.4060208085469855,0.4060208085469855,0.4060208085469855
06824500,7,40.033783,-101.543058,0.7506830134465959,0.5282858973787737,0.21904698396473254,0.0859378972242609
06836500,7,40.14583333,-100.67386667,0.2444693535354838,0.152828765209531,0.09347076092651116,0.05847643966586183
06845110,7,40.0016,-99.9924889,0.12255739328408576,0.08043640655192581,0.04609018955063598,0.04609018955063598
06846500,7,39.98500557,-100.560148,0.1540120094362043,0.1540120094362043,0.1540120094362043,0.1540120094362043
06847000,7,40.1200068,-99.8934566,0.32971940638110797,0.20931664683143178,0.08916147756942168,0.02229042395751134
06847500,7,40.11849167,-99.51707222,0.19402242048865162,0.146240535728286,0.0949484068845546,0.058912011697036935
06847900,7,39.769727,-100.1006875,0.4233457548427889,0.3427441194897278,0.28759074549242414,0.16790153022816628
06853800,7,39.89918,-98.2503276,0.5950315194220284,0.4533039203520093,0.07107430647785751,0.07107430647785751
06860000,7,38.7947354,-100.8584796,0.40002058885566555,0.20474062070308957,0.0507106761201744,0.0507106761201744
06861000,7,38.80778889,-100.0222667,0.46755436913520687,0.2980993422536164,0.1061401444606138,0.1061401444606138
06863500,7,38.852234,-99.3181589,0.3730805092072954,0.1628902915204306,0.10170251298979457,0.06806480802288489
06867000,7,38.9658611,-98.8540917,0.37393293142534434,0.20455500109075284,0.0803749717684079,0.03548259347922116
06869950,7,38.8444476,-97.6683699,0.27673985871384116,0.23061071344753245,0.14196912985067545,0.002116354567705273
06871000,7,39.67284444,-99.3092389,0.43572006718563533,0.25265687034996104,0.04611731201759753,0.01604300706302889
06871500,7,39.56028889,-99.2855722,0.29633131007805513,0.2624476632028686,0.1426969153959215,0.024868009306223578
06873000,7,39.37667456,-99.5801096,0.5234161310862954,0.37306632547223745,0.2012506440857524,0.05867927943372013
06878000,7,39.031109,-97.0402922,0.844922512542581,0.5902250886054438,5.4169853109958334e-08,5.4169853109958334e-08
06884200,7,39.81361476,-97.0375267,0.824862709239921,0.602901233141165,0.5499861390296268,0.019724092539845178
06885500,7,39.68194349,-96.4427888,0.9011218886213644,0.7365680029025441,0.18782718686667105,0.001390759365067336
06888000,7,39.34777386,-96.2174979,0.6017157565017315,0.5221506972858112,0.31476483035224745,0.05746084749020174
06888500,7,39.06472106,-96.1691605,0.747121936779374,0.5667596138182054,0.04763728551348123,0.01324001809954934
06889200,7,39.23833024,-95.8885992,0.4183425959081942,0.30093083481279204,0.2763616803402827,0.09601118438967353
06890100,7,39.5213873,-95.532756,0.6210067995850028,0.2995433581573754,0.14102505658911552,0.0005591315790618065
06892000,7,39.1163912,-95.0108006,0.6889497357753878,0.4574395802991691,0.011669551843975605,0.0007810510512953061
06895000,3,39.33266389,-93.98,0.9942718281200653,0.7944629636318236,0.7288885519334978,0.027692474661329142
06896000,3,39.34325,-93.4855361,0.999228435027099,0.9234737786277146,0.6328331191396593,0.11356412706533434
06897500,3,39.9269517,-93.9427225,0.8719845855412472,0.6882632662361406,0.24057391039394166,0.030564171092214234
06899500,3,40.06930556,-93.6380278,0.6452414793357207,0.3849961269932653,0.07918198549681527,0.009274384233568835
06903400,3,40.9519722,-93.2598889,0.7081976981895364,0.2608518400102907,0.008054867968652327,0.0009252434300584712
06903700,3,40.80044444,-93.1926861,0.20141494675532798,0.08005147464428043,0.026613853360308953,0.008103335512146549
06906800,3,38.70225,-92.9788333,0.9837820298563623,0.8942977564935168,0.7766122308008077,0.0915925059876199
06910230,3,38.92775,-92.3399444,0.7610263428192118,0.579104380127718,0.3095514646647772,0.1392655723234246
06910750,3,38.52902778,-92.1920278,0.976299484890457,0.8860256011723653,0.4431642865042816,0.16874465653291812
06911490,7,38.60139907,-95.6847068,0.7410111708000646,0.4249318221655919,0.03720667634895902,0.0
06918440,3,37.44313889,-93.6848889,0.7556972194689852,0.6084742121632607,0.3443451351957137,0.020819491770711976
06918460,3,37.4023611,-93.8020278,0.7909606482988327,0.64661524549488,0.1949212151790322,0.03832661001928155
06919500,3,37.83405556,-93.8754722,0.6195746037665839,0.5357855185892624,0.3614038136830942,0.0036846875735814695
06921070,3,37.68266667,-93.3703333,0.8270550018235079,0.5972104370764433,0.26115193038696255,0.008142445505891056
06927000,3,38.43180556,-91.9886111,0.9945774091856301,0.9684475241623297,0.574643586243154,0.1318979370043765
06928000,3,37.75913889,-92.4520278,0.5216488535869703,0.42992386831024487,0.2159647130127014,0.10717418339972672
06928300,3,37.6010833,-92.2338056,0.9325794486586386,0.8662487487170066,0.6164106343376764,0.2776299483809518
06928420,3,37.79194444,-92.1833333,0.9997239255202766,0.997611348193829,0.41287190791044365,0.05269408914288341
06930060,3,37.76025,-92.0579722,0.9878203042457796,0.9531252586267357,0.6091524495483454,0.17937110041629564
06932000,3,37.90952778,-91.9033333,0.4771446983745417,0.3488478572611114,0.10042329672599233,0.05854232725581405
06933500,3,37.92991667,-91.9773333,0.666867681821921,0.5380539852381017,0.10635194887582819,0.02534598101917304
06934000,3,38.38880556,-91.8198889,0.5128634942988413,0.420819187737017,0.1893179872173686,0.06735355614338896
07013000,3,37.9984722,-91.3609444,0.7759182091732527,0.6714815768850633,0.1990705958075366,0.056892818338784706
07015720,3,38.14691667,-91.5808889,0.8592778329453071,0.7194899759872229,0.3126058891655522,0.023178342444229172
07025400,3,36.40533398,-88.8547618,0.7447881292410868,0.5306232457215186,0.2722898863212786,0.051823893940390095
07030240,3,35.3109497,-89.6395599,0.6406315009362777,0.5205760521539426,0.25661239944804426,0.08134119415306175
07030500,3,35.05425748,-89.5411896,0.726798901128364,0.3089486347346109,0.1271670497106773,0.022708234502867453
07035800,3,37.50241667,-90.4578889,0.7631250972846608,0.6062165503720504,0.0516917313497294,0.02622360232115873
07036100,3,37.3845,-90.4738611,0.6557509357593468,0.5122136300308548,0.38358062663884734,0.19732049903349158
07037500,3,37.19452778,-90.5033056,0.9998540608764331,0.901641924088589,0.28504717211456426,0.04699897967086492
07050152,3,36.5809722,-93.8336944,0.9868768143724888,0.9548507079387186,0.23133393704929703,0.09189072857258448
07050500,3,36.4272222,-93.6208333,0.09095836873334127,0.07862882306143201,0.058588279203753174,0.043519249911630704
07050700,3,37.1499722,-93.2033889,0.9912754032883544,0.8929881775794868,0.7033432952844632,0.05501383591854917
07052345,3,36.97488889,-93.3278889,0.8147404231830586,0.699193912546634,0.1530947912026436,0.04156487843463119
07054080,3,36.77963889,-92.9072778,0.8105705208360476,0.6282174647288732,0.0003772596359374395,0.0003772596359374395
07056000,3,35.98305556,-92.7472222,0.7210577919807482,0.42108816666491755,0.18269287288848013,0.027680731887523534
07064533,3,37.37569444,-91.5528056,0.8866995441647938,0.6615941887472508,0.27578965488209095,0.10526153420334598
07065495,3,37.14816667,-91.4430833,0.9416038212962697,0.8253200494158526,0.539411919555819,0.15635308018997948
07066000,3,37.1540833,-91.3581667,0.918541091297602,0.4912343846734021,0.2907247351179576,0.10136559587532198
07067000,3,36.99138889,-91.0135,0.7735514686448289,0.18899172768677827,0.10699828170017173,0.047378099971133396
07068000,3,36.6215,-90.8463889,0.6355359126312273,0.46917519579408373,0.25365512515481414,0.09671918568512178
07069305,3,36.3136111,-91.4827778,0.8503584432372123,0.6688427644916638,0.33251845996975704,0.22008946728234718
07072000,3,36.34638889,-91.1141667,0.6770530053313324,0.45761513048061275,0.379406287358457,0.12230449655463053
07124200,6,37.12946459,-104.6399888,0.6478756982383456,0.2447472560783716,0.13171871967234156,0.13171871967234156
07128500,6,38.0342222,-103.2014167,0.9183770231967314,0.8553827723791017,0.6515658955350259,0.4892850433167302
07140850,7,38.2066829,-99.6434539,0.0,0.0,0.0,0.0
07141780,7,38.47721389,-99.4375472,0.16054958437449365,0.07153316051745626,0.03688821841188555,0.01668395442241666
07141900,7,38.46170278,-99.0144361,0.19996241913141594,0.2225074415961217,0.18579763384159165,0.15660919633378448
07142300,7,37.8715361,-98.8758056,0.29781411808774955,0.17603514932734204,0.03472988002870402,0.005396247474284874
07142575,7,38.09363056,-98.5461389,0.3323683560925231,0.22360949763458537,0.16120762348312126,0.15288835234360856
07143672,7,38.02853056,-97.5405417,0.3427801429089885,0.3648760807514512,0.042603974711780845,0.0
07145200,3,37.561683,-97.8531094,0.9370016786954526,0.7292387832634974,0.31998334595813294,0.08417215130985645
07145700,3,37.24946707,-97.4036569,0.7241937252027162,0.6738974166274931,0.4421120382137546,0.16568061388094074
07148400,7,36.81503056,-98.6481395,0.7609623500331886,0.26758410007975725,0.03083240319363388,0.03083240319363388
07149000,7,37.03890556,-98.4701556,0.3557244801922776,0.26898870147323156,0.1421852008948325,0.09970945528344477
07151000,3,36.6719792,-97.3094887,0.6858212199051062,0.5474934369377442,0.41866898290887083,0.09852501729580379
07151500,3,37.12868889,-97.6015694,0.881277013588263,0.7302968069024773,0.14535645758605675,0.03779509613689365
07152000,3,36.8114211,-97.277265,0.6303527852238354,0.5170585767958353,0.4689660973862645,0.33232152827180805
07156900,3,37.0111372,-100.4918171,0.7142170844421124,0.4650447367988657,0.23887665304741287,0.12115997878902761
07157500,3,37.032528,-100.2112531,0.650924490936004,0.4656909728053329,0.33413210131017473,0.13442306485699063
07157950,7,36.85197484,-99.315387,0.37696062389231205,0.2073796043578685,0.09081064589051577,0.037955126285234016
07158000,3,36.51725644,-98.8795366,0.9208127531766179,0.878125327026893,0.5516825013692548,0.16882901057789898
07159100,3,35.95170756,-97.9144994,0.8474643007706572,0.6365452676432116,0.309976848958159,0.15070158030363856
07161450,3,35.9858927,-96.9122504,0.8493555809661111,0.7804823245294263,0.4499207495101297,0.25770057497290205
07184000,3,37.28116187,-95.0327471,0.9588851289443935,0.9034338770980677,0.2896808286908229,0.0011543719634722804
07185765,3,37.18863889,-94.3259167,0.8629558504666751,0.7373501003529879,0.37096791072933927,0.0387904158287582
07187000,3,37.0205833,-94.51375,0.8333309112222829,0.45813299210700653,0.18764792105652883,0.09499876045858542
07188653,3,36.6158611,-94.1822222,0.9009931812171518,0.821146745870945,0.49819193683964336,0.17182978018169762
07197000,3,35.9216222,-94.8372472,0.3741986944295708,0.3741986944295708,0.25257698933276307,0.06546529019077418
07203000,6,36.68102778,-104.7863944,0.3833229911481399,0.20114880524899842,0.04311787653634621,0.0005395942522138616
07211500,6,36.29756944,-104.4954722,0.009790772050865124,0.007188621019536245,0.004372535397692312,0.002789499451942029
07215500,6,35.94511667,-105.2557333,0.062288024089505095,0.24590676513872398,0.003086524325531268,0.0
07216500,6,35.8908722,-105.1636194,0.13556701756053385,0.023550003580295163,0.005256929321718047,0.00017048775042408838
07221500,6,35.6548333,-104.3786111,0.06289130360354117,0.05129560352186685,0.022722047686078058,0.010490364826983596
07233500,3,36.20225497,-101.305993,0.793274766693023,0.18623633567823214,0.11507707046142872,0.0598473745260908
07234000,3,36.82224819,-100.5193158,0.5112564957773734,0.4179539608205785,0.25555156262219875,0.25555156262219875
07252000,3,35.57694444,-94.0152778,0.8332410137416646,0.1673505531569197,0.07862814838459922,0.030792346227323304
07260500,3,35.0586111,-93.3955556,0.24899567173186832,0.24899567173186832,0.16313921289981365,0.1092728228319813
07261500,3,34.8725,-93.6572222,0.6464360663670956,0.4214170048069941,0.1397275558008749,0.03392228472011447
07268000,3,34.4825,-89.2244444,0.9961759792015599,0.947042811318115,0.4809592572714237,0.25226038603476714
07274000,3,34.2733333,-89.5213889,0.4156768411694125,0.3165905312641853,0.04361727665537116,0.013756097056311653
07289350,3,33.19444444,-89.7711111,0.9999937445963709,0.9999099476519426,0.8977491605407506,0.08542361337904723
07290000,3,32.34777778,-90.6969444,0.9608323001847572,0.9502015259104507,0.3860141661826553,0.035315819356706524
07292500,3,31.3247222,-91.1094444,0.6346065139099701,0.5627384228763841,0.014763410460011062,0.014763410460011062
07295000,3,31.22694444,-91.2955556,0.6936663737780411,0.6118206582649541,0.0,0.0
07299890,3,34.93560669,-100.6965246,0.3228961948212077,0.05605407656508872,0.05605407656508872,0.05605407656508872
07300000,3,34.95755294,-100.220949,0.9998341122088784,0.9462699568528616,0.6973573917588498,0.323731350821913
07300500,3,34.85839374,-99.5087007,0.8086196132076087,0.7316407315756067,0.541852514727809,0.2777847419316273
07301410,3,35.47310419,-100.1209501,0.9174546299965821,0.01058359298881016,0.01058359298881016,0.01058359298881016
07301500,3,35.16810838,-99.5073128,0.5074315307645006,0.32058992632920186,0.23773867496917578,0.15658756888382225
07308200,3,34.1795833,-99.3233333,0.6754078117466001,0.4860062591958908,0.2109773879118274,0.050327168781901195
07311500,3,34.22092454,-98.4531104,0.8933302857151121,0.8300432570749239,0.696175135694898,0.2555255651184212
07316500,3,35.62643705,-99.6684386,0.6127840466704674,0.44191591726522833,0.2785249765750079,0.12151553851992562
07325000,3,35.5308832,-98.9670296,0.9846880090926506,0.9530146204682212,0.8964569405350554,0.587936488473022
07332500,3,33.99704088,-96.2410985,0.6232555985263057,0.5353896781548759,0.4181439611561185,0.012274347092113294
07337900,3,34.09760677,-94.9021667,0.6600757939313449,0.6047990199258647,0.3583595896210976,0.18876378619026468
07343000,3,33.47483009,-95.5877347,0.468147291645785,0.3125288398586153,0.058506891309569986,0.0009537024470320682
07346045,3,32.7779173,-94.3574153,0.8884319565638259,0.8523382151183975,0.1622641373292609,0.002913839180574404
07349000,3,32.59759468,-93.3320309,0.822351232519662,0.7904207159586364,0.28220447948196886,0.05158904885887503
07369500,3,32.43208704,-91.36678139,0.6177334391250643,0.5262031413464491,0.4400226226648774,0.3620536505935664
07372200,3,31.7543363,-92.3445833,0.869536088238136,0.8543566936761756,0.34043589792434625,0.07489242214176388
07375000,3,30.6160223,-90.2486954,0.8300038385023326,0.772822171944981,0.6947397859660768,0.40036127218112294
07375500,3,30.50658047,-90.3617524,0.984356740037907,0.9416013349863368,0.6775169312133259,0.22963274544466403
07375800,3,30.93073559,-90.6734317,0.7604535314525096,0.7604535314525096,0.273705675276715,0.11944719434040073
07375960,3,30.68629707,-90.6431509,0.8681459999142662,0.677416744729006,0.11562474055086647,0.020197339523754656
07376000,3,30.5038016,-90.6773163,0.6970074919194473,0.6300317816278277,0.1727420181541673,0.018009806462989476
07376500,3,30.50435795,-90.545924,0.4571099811906105,0.3123107464329251,0.047000724444169646,0.0012872393007669395
07377000,3,30.8890694,-90.8445454,0.372218368308856,0.17209302045331326,0.029341845051956,0.008135370584427684
07378500,3,30.464079,-90.99038,0.8922644074434581,0.6248158565324161,0.18076352988899622,0.06624216899624412
08013000,3,30.99666667,-92.6736111,0.9965147911352147,0.9965147911352147,0.710858706841701,0.31760973704713563
08013500,3,30.6404757,-92.8140368,0.9507903146165915,0.931821406106621,0.8585988052969606,0.4515055438293501
08014500,3,30.69875,-92.8931944,0.7940870470021936,0.7940870470021936,0.413813326182078,0.1388663919036379
08014800,3,30.81880557,-93.2301619,0.8744991402259149,0.3294810279811539,0.1657615200001259,0.094729525202588
08015500,3,30.50255556,-92.9154167,0.964160230941601,0.8797151351979171,0.47225311685160665,0.1607780391181152
08017300,3,32.89790085,-96.2533118,0.9949918086503168,0.9896914956962413,0.6039780835335562,0.44077220048534566
08029500,3,30.81888889,-93.7855556,0.9080531607379807,0.8477563461533066,0.7163561437701744,0.2252535880198726
08031000,3,30.18632045,-93.9085058,0.7203251900701195,0.6476205280702907,0.5724026256932381,0.40097426848660017
08033900,3,31.86017169,-94.8232697,0.9492462182160328,0.8742624243668997,0.38449539484688827,0.024500024932855635
08038000,3,31.50434957,-94.3043677,0.9479808485312246,0.9386844815655819,0.1474009122451953,0.02836968449283154
08039100,3,31.39629597,-94.1510289,0.9601150666888887,0.9193174778188604,0.16805766112258957,0.08089545618195094
08042800,3,33.29333333,-98.079,0.7066393268388338,0.529414094649233,0.3375556155323583,0.04955955028306566
08049700,3,32.5809695,-97.1019533,0.8124175866649043,0.6617148882593644,0.5011064229767619,0.27992888553030204
08065800,3,30.8847222,-95.7777778,0.915902509488868,0.6399570547413038,0.3092278233250611,0.16019187687226943
08066200,3,30.716306,-94.9588237,0.745072528259391,0.5316254023990079,0.25161158484983653,0.056346068112336056
08066300,3,30.48138889,-94.7797222,0.8520101133129973,0.7122599970006481,0.4424339273313951,0.1258420978300511
08068325,3,30.10549526,-95.5466084,0.32336465373050977,0.1568264949849721,0.1095250231518314,0.01854948190276317
08070000,3,30.33659809,-95.1040999,0.8048428073814752,0.25833495711881577,0.12285212145354085,0.05608116824820251
08070200,3,30.14523056,-95.1246139,0.8169257405630759,0.6777439774295974,0.5012284483202216,0.20223632022471588
08070500,3,30.25965789,-95.3024361,0.7479226189280046,0.48927208726122273,0.32523975453951937,0.19071382604184772
08071000,3,30.2327137,-95.1682662,0.6339024758375663,0.4248489072554151,0.26753391102666296,0.18348587061173274
08083100,3,32.78760777,-100.3887183,0.26559294038119796,0.13139987167496442,0.06735095305919325,0.028026318962103784
08086212,3,32.73289717,-99.1406299,0.05925598465323986,0.02435760061983523,0.006634404849633132,0.0013390230026846359
08086290,3,32.64845613,-99.0045146,0.6513969857374062,0.5080029389283361,0.33936169669496596,0.11903952767643618
08095300,3,31.50933179,-97.365845,0.3722774591753628,0.29412303297012504,0.19619772936236382,0.004378925283506268
08101000,3,31.2848902,-97.8850244,0.5704959148746496,0.518593368551444,0.11822314611776708,0.06487288670841576
08103800,3,31.0793403,-98.0166919,0.49145656633261625,0.3935421918619728,0.15657389400959235,0.03698282224846813
08104900,3,30.6257499,-97.6911204,0.8569116894653607,0.6076750397150958,0.38672661980005685,0.06492650278576202
08109700,3,30.33937764,-96.9047037,0.752354351750942,0.5018984777557257,0.07464641368535158,0.02614830375590762
08110100,3,30.41965196,-96.5402466,0.9591469036315512,0.5443023009060988,0.1526104365383276,0.013138026865145537
08111700,3,29.88106145,-96.2052402,0.3736487858830915,0.03824493996609804,0.005474280041178173,0.0
08120500,3,32.57372368,-100.9078941,0.5505314136322658,0.5109099103077379,0.30606357789615407,0.08603127993219176
08127000,3,31.74931697,-99.9478636,0.7059823732419386,0.4339935525844908,0.07221602402298584,0.018506204185922078
08128000,3,31.18711186,-100.5020388,0.2366854672136687,0.20584777439145588,0.1557408041191801,0.07228363559089221
08128400,3,31.42738264,-100.7112125,0.335327689725499,0.2105057858492241,0.004776539089519741,0.0
08130500,3,31.27405465,-100.6309318,0.1874557545525863,0.07822389355650523,0.048652795907166105,0.048652795907166105
08131400,3,31.30905356,-100.4459254,0.10374969456310239,0.060061243165823265,0.02185215162565001,0.020055381849155847
08133500,3,31.83013918,-100.9937215,0.3675589921579333,0.25563601689103793,0.1395048700515588,0.05415165730389963
08134000,3,31.5926549,-100.6370449,0.5736863624125251,0.47265442970587523,0.35746239663608514,0.2123669423193481
08145000,3,31.1382357,-99.3350754,0.8401280711312643,0.05515778099233292,0.05515778099233292,0.05515778099233292
08148500,3,30.5174101,-99.806179,0.4782254052742452,0.20001258728875593,0.09910209699741367,0.05941826714231432
08150700,3,30.66073685,-99.1092185,0.7756192793653799,0.30870893925464926,0.1490443899739817,0.10083197652844002
08150800,3,30.64351548,-99.0958848,0.1858275497535615,0.08432578847841117,0.04644291036545624,0.017426962945638145
08151500,3,30.7513041,-98.6697773,0.5541068914269487,0.5541068914269487,0.44816018529678847,0.15267954776105935
08152000,3,30.5576991,-98.472271,0.9428006265241999,0.35780135205357666,0.2262791394060729,0.06038745744746532
08152900,3,30.22048584,-98.8697812,0.5704267109225996,0.1498507861877294,0.10371390187116045,0.04631653487455139
08153500,3,30.29187379,-98.3994904,0.7287182849521547,0.6389297473539964,0.42091991706857224,0.3158348464040601
08155200,3,30.29631587,-97.925565,0.35816239960559587,0.35816239960559587,0.24767143161335667,0.1672267481531902
08155300,3,30.24465306,-97.8022283,0.4845699317751526,0.4845699317751526,0.2881385595022819,0.24287320641236854
08158700,3,30.08298924,-98.0077859,0.6899123198756378,0.6899123198756378,0.6044557600547961,0.3367512409383978
08158840,3,30.20909967,-97.90336492,0.3206237115426378,0.3206237115426378,0.22624382468378837,0.02581785160452112
08160800,3,29.79911967,-96.5321933,0.9698828456027799,0.34531514934737645,0.1698417871194749,0.033479248976611295
08163500,3,29.4432973,-96.9449819,0.584567945917217,0.21693352783005124,0.1812022860631248,0.14840439514557255
08164000,3,28.95998449,-96.6863668,0.8127333392304634,0.7666139259731928,0.4843185402693428,0.21441546596499714
08164300,3,29.466908,-96.812756,0.8118667688932879,0.5529022584891563,0.4761912747600746,0.4000153890013695
08164390,3,29.06553568,-96.6741434,0.9732885459309278,0.6547066528444643,0.5432551508579568,0.15489234670765176
08164600,3,28.8913759,-96.8191486,0.9347888826755396,0.5252233240766758,0.4127501899388166,0.3013821833471292
08165500,3,30.06993074,-99.3217122,0.6524864772434598,0.6334225284579134,0.42943553426627895,0.09298395547856146
08167000,3,29.96523889,-98.8971667,0.7151240120557002,0.2345851361636379,0.11814016836540238,0.08848991152252117
08167500,3,29.8604957,-98.3836275,0.25486425856809247,0.15126781692312494,0.03631901546942979,0.005790563860549883
08171000,3,29.99438343,-98.088925,0.5468256034663278,0.38749288986591013,0.24476117130240108,0.06437056990604723
08175000,3,29.2152475,-97.4494353,0.8382483081579428,0.505101642028843,0.43091673501226213,0.2794244693885405
08176900,3,28.86165308,-97.2263791,0.6548739275658464,0.603722013601219,0.3842137432074922,0.21990508614742577
08178880,3,29.72383537,-99.070035,0.5754198571519947,0.41974913244904816,0.3699990539180744,0.1057961217142438
08189200,3,28.30360538,-97.1125039,0.9740657576724077,0.5061737147037303,0.33628282393177583,0.14053335178928975
08189500,3,28.29193875,-97.2791751,0.6770761265416125,0.5805646575302228,0.4333411777818992,0.19042792527396438
08189700,3,28.28249389,-97.6208513,0.940601154120533,0.7662449360281838,0.7357467319423124,0.5330213093784696
08190000,3,29.42856679,-99.997287,0.5953473547985837,0.42701497021618007,0.28010676583824606,0.11329418177320259
08190500,3,29.48108333,-100.2391667,0.3280041171009721,0.2237137521678457,0.19861831696529642,0.18691710825719557
08192000,3,29.12385015,-99.8948062,0.4505602007076365,0.40465520261207416,0.22538351037904011,0.1690546521375929
08194000,3,28.42637889,-99.2400322,0.9999843401394722,0.8083128639151276,0.8083128639151276,0.6277452491795672
08195000,3,29.48856496,-99.7047756,0.614617607268013,0.3375398440395432,0.2984478302903663,0.2180862907534514
08196000,3,29.50467576,-99.7814452,0.49201734675362147,0.35169628730645575,0.25706390079618857,0.1254481932198456
08197500,3,29.2457934,-99.6744978,0.6230360072309162,0.5143711228827588,0.364614304039426,0.2757916373865277
08198500,3,29.31430556,-99.4804722,0.5321227723122854,0.44163974182780075,0.30260264937058995,0.13750445679675374
08200000,3,29.57003056,-99.2476889,0.4056892162187924,0.4056892162187924,0.21765578410557265,0.0610158093339871
08200720,3,29.3761111,-99.1166667,0.1446967482969165,0.09670433626160976,0.09670433626160976,0.06628396181425956
08201500,3,29.573284,-99.4030997,0.3632329494455337,0.1862497499430395,0.12341361833024982,0.06946290649436854
08202700,3,29.37078917,-99.2878185,0.6778247913701292,0.5708329916784669,0.3792630791865787,0.2266912921538141
08205500,3,28.73664429,-99.1447556,0.5601342336823529,0.5601342336823529,0.49195863623766684,0.09167534386145584
08206600,3,28.46749279,-98.5475174,0.7749516440120741,0.38811117579353693,0.17398701065032346,0.12724240662031142
08208000,3,28.62220899,-98.2813988,0.6236923869002179,0.6236923869002179,0.4269160358005443,0.32427205053107244
08212400,3,27.26448618,-98.1358378,0.6839349120941125,0.10128392380178793,0.0386929469231304,0.009361608805048697
08279000,6,36.21085556,-105.9136306,0.4895292537273047,0.005895096792462005,9.803577362549505e-07,0.058130864382174526
08289000,6,36.34974167,-106.04418611,0.5718438882506333,0.11172130078803459,0.00663347333045426,0.0008932068120874599
08290000,6,36.07355556,-106.1116944,0.16976978627543726,0.14309353305255187,0.05023610289623706,0.0182090942512313
08324000,6,35.6619833,-106.7434389,0.8614835091076644,0.6557650928773686,0.15623205434829776,0.057576529896755525
08353000,6,34.41027778,-106.8544444,0.34659344732992425,0.14213968600811924,0.04519826304879743,0.005091498480536044
08378500,6,35.70835,-105.6827028,0.13530285331949768,0.13530285331949768,0.02602087833067552,0.00034854569836395376
08379500,6,35.17866944,-105.1088028,0.37752879518911797,0.0429717377354517,0.0038790612415336924,0.000505848920424868
08382500,6,35.1819611,-104.9002667,0.3315156194337209,0.12720822823800204,0.050477967365379996,0.01567166613171147
08387000,6,33.32669167,-105.6253333,0.1511705440576139,0.1127610252747169,0.055023244071924,0.03806048819388004
08390500,6,33.34916667,-104.8516667,0.19831657443600384,0.03271070716374084,0.0034822804032999797,0.012588717421929596
08398500,6,32.7434472,-104.4141306,0.039381623135554,0.039381623135554,0.039381623135554,0.039381623135554
08400000,6,32.67268889,-104.3689694,0.20811952189733174,0.11174666956222228,0.06546820441478432,0.06546820441478432
08401900,6,32.50608056,-104.3749889,0.040038090752989475,0.040038090752989475,0.040038090752989475,0.040038090752989475
08405150,6,32.40333333,-104.2294444,0.49671876931174275,0.23451084493102559,0.15624897223555811,0.09198845460917625
08405500,6,32.22908889,-104.1518528,0.23130534186694102,0.23130534186694102,0.23130534186694102,0.23130534186694102
08408500,6,32.02314167,-104.0544556,0.7720580962126528,0.7720580962126528,0.7720580962126528,0.7720580962126528
08447020,3,30.45075,-101.7319167,0.8461240102665158,0.22179619757956653,0.09619978640307647,0.03732774559970198
09010500,6,40.32581784,-105.8566791,0.11478937036694746,0.11070285414284373,0.09211757103000318,0.07614063885359675
09024000,6,39.89998695,-105.7766741,0.726536220650018,0.5108997773783661,0.12596155630236722,0.12596155630236722
09047500,6,39.6053611,-105.9431306,0.002807947111481498,8.7784765199907e-05,8.7784765199907e-05,8.7784765199907e-05
09050100,6,39.57526424,-106.1105765,0.08457365495019586,0.029829141583333094,0.0005773331045872988,0.0005773331045872988
09051050,6,39.6397087,-106.040296,0.512613506263847,0.1676411769596051,0.1676411769596051,0.1676411769596051
09059500,6,39.7957222,-106.5743472,0.007636030223034672,0.007636030223034672,0.007636030223034672,0.007636030223034672
09081600,6,39.23263889,-107.2275,0.36976898161357447,0.17012068005929565,0.06518648518003509,0.04544507080007854
09107000,6,38.86027127,-106.5666966,0.03900680496749476,0.03900680496749476,0.03900680496749476,0.03900680496749476
09110000,6,38.66443715,-106.8453172,0.07389133672689341,0.05499301280540445,0.05499301280540445,0.05499301280540445
09112500,6,38.66443715,-106.848095,0.3389911700867473,0.18013787693006847,0.05580298533735006,0.05580298533735006
09114500,6,38.54193567,-106.9497661,0.1311321010350301,0.046908451889152505,0.046908451889152505,0.046908451889152505
09119000,6,38.5211111,-106.9409583,0.16467818684676525,0.05761270040968805,0.030651143482134935,0.030651143482134935
09126000,6,38.25819444,-107.5461111,0.027505368490053566,0.027505368490053566,0.027505368490053566,0.027505368490053566
09132500,6,38.9258228,-107.4342211,0.06821924736145958,0.05053890585921204,0.05053890585921204,0.05053890585921204
09143000,6,38.9847034,-107.8545077,0.34598982632290537,0.02171961313593398,0.02171961313593398,0.02171961313593398
09147000,6,38.17776806,-107.7583927,0.2330408787093147,0.07440688441064368,0.021229376900326464,0.021229376900326464
09165000,6,37.63888414,-108.06036687,0.31547541626352915,0.20274635330472413,0.05326529925363859,0.05326529925363859
09166500,6,37.47249579,-108.49760047,0.17015795390068625,0.08941262293750592,0.08941262293750592,0.08941262293750592
09171100,6,38.35692324,-108.83345163,0.25781078955255693,0.18918930932482217,0.18918930932482217,0.18918930932482217
09213500,5,42.3296,-109.5119,0.0,0.0,0.0,0.0
09217900,6,40.95902778,-110.5797222,0.31497791749240645,0.1826352508133928,0.06094191342111332,0.023807529685459735
09220000,6,41.0538611,-110.3986389,0.2774078424427833,0.07975476293627179,0.06410913120843575,0.051307385651335614
09246200,6,40.59163879,-107.3208933,0.36263225128417337,0.08280109480412556,0.026134129867932298,0.026134129867932298
09253000,6,40.9993969,-107.14342567,0.006358392670517324,0.0030297186819556667,1.705744461998863e-07,3.447874458280933e-11
09260000,6,40.54901667,-108.42432222,0.07982007438162994,0.0155546261815296,0.012397351714429801,0.006567177610257946
09260050,6,40.45161747,-108.52512937,0.24860752994986396,0.14013263000835824,0.06597625423522736,0.02036645873239864
09279000,5,40.4931111,-110.5772222,0.352789383157125,0.10859915362877834,0.004168003542091076,2.9447221264722125e-05
09292500,6,40.51189299,-110.3415491,0.12556954874437323,0.07351066347119965,0.05558203133063282,0.03573692583557757
09296800,6,40.5913396,-110.1143226,0.09957158994693781,0.06890006719545233,0.06112754614948146,0.054317759902854354
09299500,6,40.5935653,-109.9323739,0.18228863268128206,0.18228863268128206,0.18228863268128206,0.18228863268128206
09304500,6,40.03359167,-107.86241944,0.06805235681978213,8.888810239202646e-05,0.0,0.0
09306290,6,40.17969335,-108.5653775,0.1009014138063711,0.048515953562933735,0.0076601650763025225,0.002775262923671383
09306500,6,39.97885629,-109.1787269,0.07231319589489041,0.07231319589489041,0.07231319589489041,0.07231319589489041
09314500,6,39.26444444,-110.3427778,0.20926359992838467,0.12727688376620128,0.10791097668861108,0.09083434584381561
09342500,6,37.26552778,-107.011,0.2829914817780913,0.12667709850721454,0.06146936122992188,0.037027376468828976
09361500,6,37.2791688,-107.8803445,0.1911412877448235,0.07578058992469536,0.03007362693151869,0.008873606414993691
09385700,6,34.4505935,-109.3623199,0.9795030959361204,0.8595036133713754,0.382482048379238,0.09388081587727651
09397300,6,34.90113674,-110.2554013,0.29029682402303536,0.11088309836707415,0.03103719823921375,0.020117277693884352
09400350,6,35.006725,-110.6542806,0.5985316123969346,0.33427874797349016,0.1532144283235101,0.07251319988088537
09401260,6,36.10499334,-111.2018069,0.6254112445346867,0.49699246995721746,0.3832372901043054,0.257429328675222
09405500,6,37.2097046,-112.9785512,0.021454493110806987,0.007869194961062588,0.00259036825613101,0.0007650637177902592
09406000,6,37.2041494,-113.1807789,0.19195642207166463,0.11467943157715045,0.08499535205307365,0.0494512439702772
09415000,6,36.8916437,-113.9244098,0.11182550688898335,0.04428325099114418,0.03391285934038579,0.018583755693530976
09419000,6,36.64302844,-114.5397075,0.37001619825080584,0.20393414220170147,0.1415259963046893,0.08937853237601977
09424450,6,34.4625286,-113.6243843,0.21746275072396698,0.06292834636496526,0.045465312913509325,0.024147416916719473
09424900,6,34.3058675,-113.3471532,0.037014563203670386,0.023084830671058484,0.014666224153198657,0.0092413796024828
09430500,6,33.06150278,-108.5373861,0.15677088770981995,0.06837447615177861,0.03658231656627761,0.019917679476322878
09431500,6,32.72694444,-108.6755556,0.22997541553221446,0.07974716105140493,0.01731960471436463,0.004628521049222663
09432000,6,32.64630833,-108.8468472,0.8348118851124624,0.07827633634046986,0.025720594026970207,0.004688785398383065
09439000,6,32.72444444,-109.0991667,0.2579081521133995,0.06361200641325694,0.04205744591446788,0.02949879673171944
09444500,6,33.05604444,-109.2990167,0.15052105358882956,0.10214444673746,0.06112436051586753,0.03070680977108957
09447800,6,32.9556458,-109.5312047,0.1401816031144534,0.07552276372340368,0.014762297151414142,0.010566861956521926
09448500,6,32.8827222,-109.4796056,0.3931788480177835,0.18116971025929657,0.09006408390223805,0.043773938919967406
09466500,6,33.18563615,-110.22011421,0.256018763572478,0.10615964105435843,0.052080201575250694,0.034293444841250874
09468500,6,33.29646536,-110.4515103,0.3217708621983302,0.3153163097713898,0.21605810746055149,0.14212573296941727
09473000,6,32.84467778,-110.6292861,0.39088378942630464,0.11538829136645241,0.0559698126179833,0.01963634750779562
09484000,6,32.3147222,-110.8109167,0.7369179490809877,0.6509950646321331,0.12490166566595143,0.038977239280132095
09485700,6,32.27149027,-110.91457064,0.16082489861391727,0.0324119332150047,0.005454308894279182,0.00014556295922884294
09487000,6,32.0756601,-111.3387473,0.3508568494910666,0.1637530853553039,0.09442313463871785,0.05215848872362912
09496500,6,33.98589336,-110.2809554,0.42320755155902395,0.056818196578287065,0.03553497719598837,0.03553497719598837
09497500,6,33.79811903,-110.49984888,0.06883481999633499,0.032416266030312446,0.010126572051182349,0.004320683830091084
09497980,6,33.8278262,-110.8562266,0.037060499658343085,0.023716471881109324,0.023716471881109324,0.023716471881109324
09498500,6,33.61916667,-110.92208333,0.127736774963042,0.037781213676774644,0.037781213676774644,0.037781213676774644
09499000,6,33.98005443,-111.30348355,0.9708175707880714,0.0696958999006864,0.03106333396483452,0.03106333396483452
09504000,6,34.8522416,-112.065994,0.39510062589538125,0.25671413450447284,0.14553332054695853,0.062170309253823566
09504420,6,34.86153889,-111.7619972,0.08792121800733238,0.06880094160631307,0.03307404225482767,0.015861503118833206
09504500,6,34.76446436,-111.8909885,0.6511955915338176,0.538709904046752,0.20922649917428385,0.05572155018224251
09505200,6,34.67474409,-111.672094,0.5193112618300746,0.36390516616367474,0.2764013722292444,0.16420816954782771
09505350,6,34.72863146,-111.775708,0.059546465241353715,0.059546465241353715,0.02590594383827293,0.02590594383827293
09510200,6,33.69422687,-111.54182105,0.12234829392779135,0.03932836971320375,0.026594890576803584,0.01700403814968987
09512280,6,33.88704167,-111.95419444,0.6512127139895256,0.3809116093361538,0.07813261035333643,0.012498119242586467
09512800,6,34.01560406,-112.16795193,0.36128863187850024,0.314741502724219,0.20930979968808866,0.10990139188398663
09516500,6,33.88504881,-112.6621309,0.06748860666703324,0.02697308059184186,0.017072228492754516,0.01082063450174096
10011500,5,40.9652079,-110.853539,0.2484964245232239,0.06434922412451151,1.149417302339247e-06,2.893942454432722e-12
10109000,5,41.74355,-111.7839806,0.17561665161604292,0.08217648272952396,0.0,0.0
10113500,5,41.62400556,-111.7361639,0.19384048340050714,0.07278639116965348,0.030333011559775663,0.010269674106287232
10128500,5,40.7371721,-111.2479652,0.23557409297419224,0.09450352512958231,0.025978166795589414,6.152554344724344e-16
10131000,5,40.92050285,-111.4015858,0.06706406950327345,0.033888777482454224,0.007437181234964998,0.001179556980802023
10133600,5,40.68803889,-111.5337194,0.07091419054843359,0.006300109191241747,0.0022255907804038066,4.1285918107601096e-05
10133650,5,40.7238375,-111.5196438,2.368705212808445e-14,5.380298532437678e-21,6.15325986708824e-36,1.0180965135527026e-66
10133800,5,40.75966979,-111.5640912,0.022126377984781606,0.015002524157356473,0.006798365456273628,0.003021545834060382
10164500,5,40.4477297,-111.6821472,0.0024188990898062718,8.29599021526437e-06,2.738691787980769e-10,0.0
10166430,6,40.4052063,-112.1005142,0.1672425202711851,0.1553577604072138,0.1247805732312581,0.11297905779599682
10172800,5,40.496313,-112.5744182,0.000111398836939638,4.720992993334479e-07,8.070788790343582e-09,3.110376157928024e-10
10174500,6,37.65109086,-112.4302069,0.1584612631760635,0.0704648568816309,0.026820591826875562,0.009063497214846169
10189000,6,38.19636955,-112.1477005,0.06335787009902775,0.03695667924268174,0.0197272381492437,0.009370814777085238
10242000,6,37.67219924,-113.0346702,0.24654480377988774,0.2242479531019215,0.1278660164627955,0.07834812993574172
10289000,8,38.19186474,-119.2101533,0.1440853188997897,0.1257525699298568,0.061424494165581316,0.048638543230716834
10291500,8,38.23880787,-119.3259923,0.04366901713565609,0.012697753946372481,0.0071336625553919866,0.004196434815367268
10296000,8,38.3796366,-119.4501649,0.32047000494523575,0.20714930712602506,0.090759114115283,0.050258363297991146
10296500,8,38.51324495,-119.4498872,0.25416403522794334,0.14526129185823006,0.0694286564377808,0.03684530033949062
10308200,8,38.7146274,-119.7648985,0.14572272480732887,0.07974598438363308,0.04095004556999929,0.021752499951423806
10309000,8,38.84519444,-119.7060833,0.28612481297663717,0.16236668773360663,0.07010886638297532,0.042837822303984086
10310000,8,38.76962765,-119.833789,0.704571808772601,0.3238310870852636,0.05771886062353955,0.017299665160440597
10315500,8,41.2526961,-115.2564468,0.47180774945028653,0.28441767420166064,0.12393944593465651,0.05388857580054721
10316500,8,40.69076057,-115.477003,0.985985699982613,0.7051269039990952,0.283562463031199,0.1059258229517637
10318500,8,40.93655556,-115.6241667,0.4297321302103706,0.3304049679549328,0.16083691704761838,0.04127243501162484
10319900,8,40.6274972,-115.7305222,0.2483351055830421,0.13757275248689013,0.05727246137148935,0.016633058694573728
10320000,8,40.6849236,-115.8134002,0.14432176725860899,0.06397037775762685,0.0,0.0
10321000,8,40.72769715,-116.009242,0.36576666950852565,0.27134100283464907,0.16100498968172294,0.14621864421775857
10322000,8,40.71624444,-116.093575,0.1104043342059203,0.09128348293328818,0.07732424431063524,0.06643201639006613
10322500,8,40.60741747,-116.2017444,0.3604048866261059,0.21721905844949527,0.12904793744893198,0.07530717479897742
10325000,8,40.6676885,-116.9312118,0.47073329608099607,0.27983394246562804,0.10327288554264405,0.02611462888558734
10327500,8,40.99212549,-117.3176168,0.4218611940601772,0.3448234249263403,0.241760475120883,0.007042006855745448
10329500,8,41.5346175,-117.4179047,0.4050695022676582,0.3286631123977365,0.2157590836053637,0.14210452656142025
10333000,8,40.6924048,-118.204312,0.18821077067119726,0.1205187019656241,0.06889705474727321,0.0408070396452584
103366092,8,38.8485185,-120.0271275,0.7181241058089967,0.35121643058965474,0.1121311296727717,0.0329158412801449
10336610,8,38.9224078,-119.9915706,0.3373039216009722,0.19130139813812644,0.09401861954393713,0.042221075220362114
10336645,8,39.05183077,-120.1185016,0.12207328626304348,0.03710324514457941,0.024814301971280685,0.011383336443340006
10336676,8,39.13210688,-120.1576705,0.30710520706463346,0.07025721899888986,0.04722720822910503,0.026499039186829033
10336700,8,39.2401855,-119.9449106,0.21404050772301791,0.08059266540868446,0.04411340137915861,0.02949139273215037
10336780,8,38.9199077,-119.9724036,0.2709981027982455,0.09660824116158842,0.04382882843018302,0.01990758036813519
10347310,8,39.5243537,-119.9954782,0.17197906037086771,0.14025148423752976,0.09948918498945722,0.07476138078707029
10348850,8,39.35435414,-119.8585225,0.19787094267651786,0.08612470945142,0.06227273379242896,0.5515595988299506
10396000,8,42.7908333,-118.8675,0.46361750304291677,0.13509328646475788,0.019992975540534145,0.0022642719720606425
11111500,8,34.5777657,-119.2573347,0.07868673834223383,0.06792229480521822,0.059197188469995804,0.04602448631412952
11113000,8,34.4416592,-118.9273019,0.07834447227491423,0.048704852040818106,0.031604644862378996,0.022291114909822295
11119500,8,34.40125046,-119.48823248,0.3779824669480521,0.17603683476685542,0.08361571878245226,0.03158498235382624
11140000,8,34.8938596,-120.3065089,0.358838002113222,0.05294554810108729,0.01268890788698622,0.02455633190330146
11143200,8,36.4748611,-121.7288889,0.26661212125788936,0.15981108558273788,0.007616614136797414,0.0
11147500,8,35.6285813,-120.6843373,0.3017137296736078,0.07818295631260602,0.013680594443014428,0.005819432117023586
11157500,8,36.765753,-121.2996128,0.08771171066249397,0.024472609902220107,0.0074537115491907875,0.002263623171993977
11160000,8,36.9913389,-121.9557933,0.32606381061423223,0.1558367706113948,0.07780611956965269,0.010005307459761508
11162570,8,37.32573199,-122.3865927,0.34125371093478635,0.10225637863973383,0.0,0.0
11180900,8,37.70493008,-122.0438508,0.025127814224398217,0.025127814224398217,0.025127814224398217,0.025127814224398217
11348500,8,41.40600116,-120.9277458,0.378610848595076,0.25591822787982593,0.20633342149225153,0.12950663759281125
11463900,8,38.6409811,-122.7638434,0.6185867487564922,0.3554844931303323,0.008772921092060073,0.008772921092060073
11467200,8,38.5065363,-123.0696826,0.25141271315386815,0.0761240737922364,4.546453588750711e-05,4.546453588750711e-05
11475000,8,40.21816919,-123.6325017,0.14299927590117442,0.14299927590117442,0.14299927590117442,0.14299927590117442
11476500,8,40.18177947,-123.776116,0.45204739696313206,0.19372875654043767,0.0660719537678102,0.03523442359894097
11477000,8,40.49149394,-124.0997407,0.30378766338751284,0.1574091271950488,0.04832091729313571,0.023088348161644425
11478500,8,40.480385,-123.8908461,0.4535044030327455,0.11652363618147529,0.040431367555544336,0.040431367555544336
11481000,8,40.9098217,-124.06058,0.9993955164354705,0.6503112786109185,0.45526753067573533,0.1803313757490535
11482500,8,41.2992896,-124.0511825,0.3164292679011153,0.05852141890901462,0.040502919395983335,0.02208360497546565
11502500,8,42.564375,-121.8797139,0.12893419331585995,0.06494288492415363,0.035803864069658825,0.020961337158218765
11519500,8,41.64065587,-123.0150092,0.5379083773620998,0.26912707373641287,0.06596838502386682,0.015779759702120814
11532500,8,41.7914769,-124.0761515,0.5547316658241764,0.2534091158705612,0.06027865830629048,0.02066699254758253
12010000,8,46.3739937,-123.743482,0.48854478584731575,0.31670483538065414,0.18768306312566582,0.10273061310560617
12013500,8,46.65093418,-123.6526584,0.3454607197695967,0.1810842935566809,0.06786867593546601,0.0013119679871396496
12020000,8,46.6173236,-123.277644,0.644975488205632,0.3138666264256043,0.051798989354476264,0.03767911178840511
12025000,8,46.6201042,-122.945126,0.9146690067036843,0.7210543944699983,0.3744160947006113,0.15646689261643873
12035000,8,47.0006512,-123.4948838,0.9295500406674979,0.5299411039770533,0.12271042410586823,0.011041008549099646
12045500,8,48.05478018,-123.5832136,0.1036779353220224,0.06844835462389008,0.05564424037139625,0.04583609526820937
12048000,8,48.0142578,-123.1326773,0.6176466701036694,0.24803188681864147,0.13223539585022676,0.060276579392354576
12079000,8,46.85204488,-122.6687354,0.6767341283625858,0.23801425348008312,0.01693498478751942,0.0013774710787952439
12082500,8,46.75260766,-122.0837194,0.6481290798545403,0.3705699370007582,0.22767171346389367,0.06316714912069352
12093500,8,47.0392396,-122.2078708,0.5447662296167761,0.24742268666275008,0.09646443127914876,0.048223133933904816
12094000,8,47.02788105,-122.0326105,0.54820691000364,0.18280046882097606,0.08833454807616944,0.05981657452900168
12095000,8,47.13954628,-122.0926135,0.4912255646795346,0.27508100644275485,0.105312821980864,0.02033843063681263
12134500,8,47.83732546,-121.6667809,0.9473321641637085,0.7130561102793719,0.4444414142034883,0.2176682759869381
12144500,8,47.5450765,-121.8423157,0.9341290123494319,0.8239071779392376,0.4912930316816679,0.2462929401662711
12155300,8,47.9348201,-122.0731848,0.7446292247057325,0.39238934818325905,0.1388288541347292,0.03422898582196979
12167000,8,48.2614637,-122.0476165,0.8651845181949844,0.5948117886853571,0.4546453342944063,0.25435052209088993
12201500,8,48.54594127,-122.3382169,0.6742468639724502,0.4230524384522649,0.04552961243902681,0.00681308836482727
12210000,8,48.6775743,-122.1665191,0.948884659207319,0.6777917985903413,0.501384703803546,0.19477600243619336
12210700,8,48.84174,-122.2943049,0.9222110290208586,0.6148620421537736,0.26750836192205707,0.055619894712725465
12213100,8,48.84479237,-122.5893141,0.9059461742517328,0.5340309255412741,0.2237916709595644,0.047630052834668035
12302055,5,48.35560278,-115.31465,0.3090615501307883,0.18556087833489035,0.057697024985454655,0.008283896788479841
12334510,5,46.7223361,-113.683061,0.10589912293839605,0.01840955552255133,0.007203752880154194,0.007203752880154194
12340000,5,46.8994111,-113.7563194,0.07431867875699949,0.042305282769450184,0.003730361227130623,0.003730361227130623
12354500,5,47.30163889,-115.0868694,0.11679319162406215,0.055704084697685924,0.007184998342086136,0.0034918045037353393
12358500,5,48.49551667,-114.0102083,0.3219808291995148,0.2131958526239595,0.05683426079371706,0.02149587598247544
12370000,5,48.02423056,-113.9788194,0.2503006102140756,0.09234321551500334,0.006925640067478738,0.006925640067478738
12390700,5,47.5860611,-115.3551,0.15323484056563683,0.06180827227383988,0.037892084670792636,0.0135520302786921
12413000,5,47.5722,-116.2528,0.14318233258816704,0.09441467836047217,0.02164324613022679,0.007090483970671509
12414500,8,47.2744444,-116.1888889,0.5573621401765348,0.3386279687616433,0.0804642236701095,0.062140451623173006
12424000,8,47.6526688,-117.449658,0.41987247569613934,0.3031890919069775,0.08746990133263786,0.007384557291431003
12431000,5,47.78461388,-117.4043856,0.4502465501389079,0.11733042957635995,0.012863867575951402,0.0004821107594970727
12449950,8,48.0773639,-119.9850723,0.3049369851951626,0.13237909245535995,0.04578629956457877,0.01281415834672843
12452800,8,47.81846178,-120.4231438,0.5268763816408029,0.10909094464830202,0.05420645564092223,0.025208075947359396
12459000,8,47.5831447,-120.6195014,0.18828399493795953,0.1007397733659492,0.05205118089234293,0.02638517581592074
13011500,5,43.8510187,-110.5171751,0.504538842662439,0.01766296295545607,0.01766296295545607,0.01766296295545607
13037500,5,43.6125,-111.66,0.3288801588349063,0.18858229207906999,0.10291923843726435,0.045321228461365166
13050500,5,43.96694444,-111.6725,0.011469138939662692,0.007817965678735385,0.0036338171858714217,0.0014544918904787496
13105000,8,41.9447222,-114.688611,0.3788077897892288,0.21286851080209485,0.11288918813089917,0.02923076169023092
13161500,8,41.9332368,-115.6745268,0.6301767395785314,0.47386582020580525,0.17859430467461174,0.08557316060244224
13162225,5,41.8904614,-115.4286816,0.7616376991857846,0.18376141618913058,0.025319578063692505,0.0013846823644735192
13168500,8,42.7711111,-115.7202778,0.3093309465467878,0.22309078542364297,0.08548824782682567,0.02235655132582715
13174500,8,41.68879428,-115.8448067,0.05262806834376526,0.03728432125112503,0.02388501660523364,0.017091163081700927
13235000,5,44.08527778,-115.6222222,0.19425605584625066,0.06971587298590286,0.02040458488492727,0.0011194732069194629
13258500,5,44.5794444,-116.6433333,0.13106317573372173,0.09178188006310666,0.041423336438942436,0.01022073281704434
13266000,8,44.27,-116.7722222,0.6997128243377861,0.5539416225326199,0.16293881616500544,0.08066484370786066
13317000,5,45.75027778,-116.3238889,0.2021557083030388,0.08355742942219137,0.04874978975201812,0.013336821591951783
13333000,8,45.9457019,-117.4510089,0.8983235117797373,0.2987088608709319,0.12637431001401705,0.042305003740300495
13336500,5,46.08666667,-115.5138889,0.06288936343494717,0.036079807445769434,0.010570147743054764,0.010570147743054764
13340000,5,46.4783333,-116.2575,0.21930864089420465,0.10660213205531013,0.026339534495514804,0.004386070932610973
13342500,8,46.4483333,-116.8275,0.21895416326302147,0.18311614051396044,0.14713497820331314,0.13265055982411883
13348000,5,46.7323856,-117.1810048,0.27151554491186397,0.07254915310299431,0.02632029162255578,0.008877811581039414
14020000,8,45.71957668,-118.3232913,0.6685685796249512,0.3042260937130311,0.04681270519146424,0.0053508213797897435
14038530,8,44.41848897,-118.9063419,0.27215453393923705,0.17773609268009755,0.0734178535615786,0.013948648895432807
14046500,8,44.79401389,-120.0070194,0.5661956705854987,0.33351829448515813,0.20866947257057022,0.061227199605420266
14113000,8,45.75651098,-121.2100714,0.5597011125190349,0.3913262770923103,0.17143058267923444,0.03692339552431178
14152000,8,43.99818166,-122.9059126,0.07847495333184618,0.07290519935273802,0.05002755176275785,0.041109026630672146
14165000,8,44.09290317,-122.9573052,0.6877473727551658,0.41078342343106766,0.027516750380073104,0.004575681981901841
14188800,8,44.71206687,-122.7700878,0.31120690530526285,0.09732636682681094,0.05732665387559018,0.033623500243776416
14190500,8,44.78317527,-123.2345435,0.8641404941685207,0.7761277923455124,0.5867559296756704,0.10677767076209166
14194150,8,45.2069444,-123.1816667,0.5504593275900354,0.35016540519384687,0.079773839925603,0.011682714932101004
14200000,8,45.24391667,-122.6874444,0.38999620944762786,0.07610867853731952,0.03795380728673836,0.01823409126229325
14226500,8,46.61285685,-121.6792344,0.406803781343709,0.13958337617804564,0.10642888916538906,0.05994376602910855
14231000,8,46.5319444,-121.9569444,0.8116406676993092,0.3823060565816036,0.19476429162812461,0.024191587150976135
14299800,8,45.80705586,-123.2831722,0.5020318123297351,0.3489841775774164,0.1859665730639815,0.09449539530374952
14301000,8,45.7039986,-123.755405,0.9178505672436326,0.7279005916328125,0.15062342677157703,0.02796971907599672
14301500,8,45.47593996,-123.7251209,0.7325430757620557,0.6369709560575665,0.36540395411396764,0.0
14305500,8,44.7151172,-123.8873348,0.9514946212957841,0.5897411285907647,0.16615950239018198,0.011219560850798733
14306500,8,44.3859538,-123.831778,0.5972091102303286,0.41365411101286076,0.1791026387791535,0.07974815564633286
14307620,8,44.06234317,-123.8831659,0.8455006331492293,0.5815190474301569,0.25034968114126827,0.040138954073927625
14308000,8,42.9303985,-122.9483872,0.19740469637272945,0.10571519460965158,0.03754124868900633,0.007455001696333487
14312000,8,43.13317169,-123.3984053,0.42321940311546696,0.2187402404210022,0.0782918304160142,0.02489447505730338
14377100,8,42.23177936,-123.66368,0.9986309620747627,0.03525729880729584,0.016490533964310588,0.00437550650584605
